x,y,z,resistivity,chargeability
509820,459090,652,339.78,21.26
511158,459401,586,526.18,16.27
510870,459035,578,790.26,16.07
509970,459090,630,278.82,18.28
510072,459191,596,303.77,21.58
511157,459650,587,803.1,17.43
511121,459014,576,357.22,15.89
509770,459110,624,70.65,19.24
511157,459351,587,1115.21,17.98
510923,459037,581,1178.21,15.32
510020,459110,587,58.29,9.77
510122,459191,595,351.01,17.05
510011,459501,610,772.98,15.25
511073,459060,579,367.26,11.5
509989,459650,611,246.87,15.83
511125,458850,568,253.44,12.77
510324,459194,599,199.59,15.85
510817,459036,571,281.79,17.13
510168,459163,595,132.51,22.87
510068,459164,593,540.38,19.53
509601,459395,602,46.55,26.46
510011,459600,611,315.04,17.06
509920,459110,625,262.98,19.03
509823,459192,598,89.93,14.16
509550,459458,620,32.73,22.79
511124,459154,577,208.33,12.7
509870,459090,651,406.89,17.09
509800,459444,604,134.8,17.65
510521,459190,598,580.71,13.64
511320,459021,570,1306.18,12.55
509700,459452,605,91.06,16.99
510100,459398,604,1169.0,15.59
509993,459450,610,425.92,16.16
511018,459099,577,783.75,15.71
511071,459043,576,477.43,15.97
511162,458951,572,807.11,18.29
509992,459100,589,319.53,13.81
509989,459650,611,38.12,15.64
509750,459395,602,61.73,27.09
511010,458997,574,569.14,10.25
509899,459397,599,173.26,22.48
509700,459396,601,37.58,29.95
511372,459061,573,834.68,12.63
510011,459550,610,517.44,14.37
510010,459200,593,202.08,18.69
510012,459100,590,229.07,13.27
511071,459043,576,488.68,15.69
511123,458802,569,1030.14,19.06
509850,459400,600,77.95,19.19
511124,459251,580,1490.74,16.24
509823,459192,598,146.93,14.53
510270,459170,596,206.08,21.71
510012,459300,597,1005.44,14.41
510622,459038,581,1215.24,14.33
509767,459169,595,59.27,14.39
511020,459017,576,579.75,16.55
509800,459444,604,98.46,20.83
510625,459011,582,1206.2,16.71
511129,459400,579,120.04,18.66
510770,459017,575,201.47,18.31
510012,459100,590,382.15,14.42
509992,459100,589,304.03,14.87
511160,459200,578,643.84,17.71
510072,459191,596,159.49,24.14
511160,459251,578,1268.63,16.57
511159,459300,586,1223.32,17.78
510273,459194,595,367.08,17.89
509650,459454,604,78.44,27.71
510273,459194,595,268.79,21.35
510571,459017,583,1787.27,16.01
509850,459400,600,89.73,28.81
510670,459057,581,1304.04,16.35
511010,458900,569,867.01,10.22
510012,459100,590,105.17,15.25
511070,459019,576,536.08,12.97
510824,459058,573,542.98,21.77
511157,459351,587,681.51,14.09
510100,459448,608,768.48,14.82
510220,459110,593,88.81,20.61
510050,459398,608,1391.65,16.6
510324,459194,599,285.06,19.36
510270,459110,593,105.93,15.87
509650,459454,604,109.71,16.21
511020,459150,581,208.38,16.88
509986,459300,601,311.46,13.79
509992,459100,589,320.57,13.81
510668,459038,577,901.48,17.35
510013,459150,592,439.79,15.13
510921,459019,583,619.32,12.7
510171,459191,594,334.71,16.16
509824,459167,594,98.96,14.78
510012,459350,604,587.16,14.62
510571,459017,583,214.73,14.4
510770,459039,578,487.7,15.52
511016,459050,576,921.4,16.29
509850,459400,600,78.31,19.34
509991,459550,614,855.74,18.43
509925,459165,583,213.42,11.78
510370,459170,598,220.52,17.39
511018,459062,580,363.34,19.83
510220,459188,596,263.73,19.71
510120,459110,592,199.0,15.6
509989,459650,611,766.01,19.66
510270,459170,596,129.94,16.37
510824,459058,573,423.24,21.42
511161,458800,569,807.91,15.28
511013,458849,567,1066.35,15.15
510220,459110,593,110.41,15.2
509770,459110,624,98.85,24.82
509992,459850,611,46.68,26.73
510010,459200,593,264.99,16.72
509991,459400,608,252.91,17.88
509799,459398,602,106.24,22.85
511160,459200,578,269.73,15.26
510012,459350,604,526.13,13.87
510520,459110,596,425.05,22.64
511125,459201,579,280.97,13.16
511129,459001,572,1086.65,15.1
510070,459090,607,66.32,10.83
509824,459167,594,144.29,14.07
510870,459019,576,1009.69,8.68
510370,459170,598,212.96,15.71
511159,459300,586,1219.88,18.04
510220,459092,601,67.61,16.83
509800,459444,604,66.04,19.85
510010,459450,609,224.04,20.3
510100,459398,604,1004.44,17.7
510676,459019,581,1052.52,17.36
510011,459550,610,204.47,23.21
511170,459060,578,277.8,10.09
511022,459402,590,982.66,17.3
509988,459150,590,433.91,17.09
509970,459090,630,369.27,13.54
509987,460000,603,96.06,32.84
509970,459110,625,69.48,15.73
510220,459170,596,216.28,13.1
509870,459110,625,119.67,24.06
511018,459099,577,195.87,16.86
509823,459192,598,88.58,17.39
510370,459090,601,162.71,19.29
511229,459038,570,1020.93,14.17
511121,459014,576,861.99,15.13
511014,458800,566,689.93,13.94
510676,459019,581,362.65,17.11
511159,459151,578,1490.93,18.45
510571,459017,583,310.48,10.15
509601,459395,602,51.13,16.82
511073,459060,579,789.73,15.46
510000,459398,610,1296.85,15.36
510012,459250,595,271.55,13.66
510719,459039,575,750.1,17.85
509992,459199,594,237.84,15.29
510020,459110,587,58.73,17.07
510319,459110,593,112.42,19.57
510370,459110,596,286.22,22.31
510520,459090,599,109.36,17.18
511120,459451,582,681.7,15.37
509823,459192,598,365.85,12.29
509799,459398,602,73.63,16.07
511016,459201,586,1508.01,16.76
509700,459452,605,68.74,24.8
509919,459191,589,187.94,15.11
511270,459061,573,900.54,13.17
510170,459110,593,100.22,20.5
511016,459296,594,367.05,10.52
510571,459054,586,277.39,8.29
510068,459164,593,199.51,23.26
510068,459164,593,73.6,22.73
509823,459192,598,335.98,14.68
510870,459035,578,789.88,15.93
510012,459350,604,551.39,13.9
509968,459170,584,241.76,14.75
509991,459800,612,93.69,26.3
511161,458900,573,562.61,14.38
510521,459173,606,382.94,10.57
510010,459200,593,782.44,15.58
510011,459600,611,67.77,12.22
510010,459450,609,805.45,14.4
510625,459011,582,407.4,16.87
511160,459200,578,1416.76,17.39
509700,459396,601,37.62,29.47
511125,458850,568,148.75,15.55
511221,459020,575,1188.7,14.45
511123,458802,569,328.49,14.34
509950,459441,605,207.34,11.4
509650,459454,604,67.76,21.24
509550,459392,608,156.61,18.45
510250,459399,602,1096.0,18.21
510319,459110,593,137.02,11.6
509700,459396,601,44.35,23.06
509950,459399,606,167.61,19.71
510370,459170,598,329.01,21.61
510012,459100,590,376.3,14.42
510270,459090,600,46.53,22.92
510670,459057,581,379.59,29.24
509550,459392,608,155.45,17.53
511160,458851,570,1182.42,11.4
511020,459150,581,467.69,10.96
510000,459398,610,409.22,11.82
511010,458997,574,570.32,10.28
510721,459023,578,803.7,17.83
509993,459450,610,229.85,3.65
509875,459190,595,196.52,17.21
510872,459059,578,356.97,9.3
509767,459169,595,59.22,17.54
511320,459037,574,1546.28,12.19
510000,459398,610,409.59,12.08
511129,459001,572,1082.93,16.75
509870,459110,625,460.68,15.35
511071,459043,576,513.96,12.52
511161,458800,569,171.48,9.81
510621,459055,583,263.22,9.36
510022,459171,591,500.19,19.88
510921,459063,579,851.43,18.07
510220,459096,601,19.18,20.46
510120,459165,601,229.54,21.87
509650,459394,601,180.74,17.96
509968,459170,584,169.33,16.89
509992,459600,612,138.71,22.71
510824,459058,573,283.93,17.03
510022,459171,591,515.25,14.48
509970,459110,625,183.96,18.49
510870,459035,578,495.13,12.82
511008,459250,588,842.24,18.41
511070,459019,576,537.02,12.72
511020,459042,577,372.02,11.87
509870,459090,651,636.85,16.96
511123,459598,586,419.54,19.49
510010,459450,609,807.66,13.63
509750,459395,602,213.5,23.41
510010,459700,613,502.38,15.28
510621,459055,583,397.06,14.48
511121,459014,576,863.78,14.97
510872,459059,578,813.63,9.84
510571,459017,583,387.55,19.41
509850,459400,600,89.69,28.36
510670,459057,581,206.94,16.2
511129,459001,572,783.66,17.42
509997,459750,616,224.33,21.2
511125,458850,568,1200.84,11.95
510220,459170,596,206.46,19.69
509870,459169,591,1424.94,12.76
509870,459110,625,33.54,13.68
510824,459058,573,479.3,10.65
510324,459194,599,194.05,16.78
510969,459040,577,630.22,16.38
510969,459040,577,728.26,12.43
510270,459170,596,225.13,20.02
510012,459300,597,846.49,15.08
510150,459400,603,1142.32,16.92
509850,459441,600,67.32,28.96
510168,459163,595,242.16,14.91
509991,459400,608,454.05,14.38
509968,459170,584,71.34,24.22
510921,459019,583,690.79,12.23
511018,459099,577,754.32,14.36
511120,459058,578,736.73,15.86
510466,459173,600,382.19,14.65
509968,459170,584,629.72,19.09
509989,459650,611,173.55,17.55
509970,459090,630,28.82,5.34
509820,459110,624,93.09,21.94
510011,459400,608,907.07,13.48
511125,459201,579,314.06,15.14
510010,459450,609,820.72,18.69
511073,459060,579,466.56,16.56
510817,459036,571,722.37,14.51
510824,459058,573,494.94,12.96
511016,459050,576,589.67,11.41
509990,459350,606,273.37,16.45
509700,459396,601,74.72,19.02
509700,459396,601,172.17,18.06
510070,459110,591,302.5,16.27
510010,459200,593,263.95,16.39
510100,459398,604,737.41,18.52
509550,459392,608,60.56,12.59
510923,459037,581,968.7,14.21
510011,459400,608,656.23,18.99
510250,459399,602,1793.9,15.58
511160,459251,578,159.08,13.51
510625,459011,582,285.18,11.58
509870,459090,651,271.63,22.27
511121,459014,576,250.94,14.9
509925,459165,583,404.78,18.44
510011,459400,608,882.53,13.94
509820,459090,652,227.57,19.1
510719,459039,575,749.55,17.87
510970,459017,578,466.39,12.38
511133,458904,570,960.72,16.62
511120,459058,578,434.82,13.85
509824,459167,594,61.7,16.42
510011,459550,610,316.52,18.14
511161,458800,569,758.48,11.16
511073,459060,579,339.63,15.63
509650,459454,604,123.48,20.52
510420,459189,596,620.3,19.55
510520,459110,596,275.38,21.34
510970,459017,578,733.52,13.22
509770,459090,658,154.82,25.75
510220,459170,596,172.3,20.95
510521,459173,606,579.72,17.93
510070,459090,607,43.68,23.76
511163,459051,576,625.91,12.37
509974,459190,595,323.21,20.36
511170,459037,574,712.14,18.05
511135,458951,569,410.42,14.93
509823,459192,598,113.74,15.44
510070,459110,591,88.27,21.49
509767,459169,595,58.4,26.34
510571,459054,586,1973.76,15.61
510122,459191,595,366.54,16.18
511170,459060,578,278.45,10.02
509900,459442,601,158.28,17.1
511372,459061,573,816.02,11.73
509870,459169,591,328.97,14.96
510012,459850,610,593.07,23.13
511016,459050,576,997.92,16.02
509925,459165,583,268.18,19.64
510668,459038,577,900.57,17.23
510770,459039,578,225.4,19.91
509970,459110,625,257.07,16.43
509601,459395,602,51.31,17.16
510011,459550,610,205.85,19.18
509800,459444,604,42.56,28.31
509988,459150,590,194.42,18.74
510923,459037,581,985.35,17.51
509900,459442,601,157.98,17.71
511133,458904,570,1091.62,11.85
509991,459250,600,527.87,15.32
510013,459150,592,448.94,17.32
511125,459201,579,586.19,18.4
509991,459500,612,518.51,15.38
510220,459170,596,150.41,13.64
510676,459019,581,103.45,22.91
510721,459023,578,453.64,20.96
510000,459398,610,529.26,14.1
510324,459172,599,289.58,18.76
510100,459448,608,489.93,16.15
511123,458802,569,1241.4,12.75
510011,459550,610,831.29,13.24
510872,459059,578,507.28,13.98
509850,459400,600,137.94,22.47
511018,459099,577,534.03,11.22
510870,459035,578,963.77,8.72
511126,459100,577,1524.89,16.92
510011,459501,610,67.93,22.57
510270,459110,593,93.58,22.45
511120,459058,578,467.05,14.56
511020,459042,577,499.82,17.02
510921,459019,583,692.76,14.09
509968,459170,584,547.53,16.64
509899,459397,599,96.26,16.6
509968,459170,584,713.29,15.11
510872,459059,578,356.67,9.54
509987,459900,607,54.5,25.12
510270,459170,596,211.23,20.36
509850,459400,600,22.46,7.85
510012,459300,597,809.2,16.75
510625,459011,582,264.48,14.91
510010,459450,609,940.51,16.21
510011,459800,612,45.39,19.72
510012,459250,595,275.56,13.08
510200,459398,600,341.06,16.81
510824,459058,573,401.39,16.25
510625,459011,582,289.31,20.9
510569,459039,586,247.62,22.81
511170,459017,575,622.04,15.09
510622,459038,581,191.39,18.36
510010,459200,593,232.18,17.56
511520,459059,564,1566.58,8.61
510676,459019,581,239.04,15.08
511013,458849,567,203.43,8.47
510120,459165,601,160.68,23.07
509991,459250,600,697.35,14.2
509870,459090,651,407.14,17.01
509601,459395,602,47.91,17.4
511020,459017,576,328.74,12.16
511159,459100,578,471.76,12.59
509986,459300,601,624.22,16.49
510170,459090,601,70.78,16.74
511121,459014,576,356.82,15.88
511018,459062,580,503.01,18.08
511022,459598,591,598.25,15.18
509870,459110,625,130.58,26.46
509900,459442,601,148.79,19.33
511170,459037,574,314.16,13.44
509925,459165,583,404.55,18.0
511070,459019,576,429.08,15.54
509899,459397,599,96.29,20.77
509600,459458,609,35.13,16.51
510324,459172,599,204.93,20.02
511161,458800,569,383.79,17.33
510012,459250,595,148.77,11.27
511123,458802,569,858.69,18.11
510012,459100,590,388.99,15.88
510070,459090,607,189.91,16.96
510921,459063,579,563.16,13.37
510220,459104,601,48.19,25.09
510012,459350,604,223.71,15.23
509650,459454,604,56.03,20.29
510571,459054,586,390.27,15.72
510622,459038,581,591.77,17.41
511121,459014,576,292.37,13.33
509550,459392,608,37.5,22.08
509990,459700,613,57.81,22.41
509870,459110,625,600.42,17.74
510220,459094,601,48.16,24.27
510625,459011,582,157.79,22.3
511073,459060,579,682.79,15.5
511170,459037,574,214.34,12.79
510010,459450,609,942.38,14.73
510120,459090,607,161.11,20.74
510719,459039,575,235.61,17.06
509970,459110,625,41.25,10.89
510122,459191,595,130.45,21.79
510011,459400,608,897.19,14.14
509988,459150,590,678.25,16.06
511020,459150,581,453.22,12.25
509770,459110,624,70.8,19.07
510220,459170,596,84.1,20.19
509900,459442,601,59.0,14.79
510415,459173,593,625.87,20.48
510923,459037,581,804.21,11.81
509990,459350,606,273.62,13.85
509992,459100,589,317.12,15.03
511160,459251,578,278.55,17.85
510671,459171,585,677.58,19.76
509799,459398,602,111.35,18.64
511018,459062,580,503.47,17.99
511159,459100,578,1022.82,17.19
511013,458849,567,446.31,11.24
511018,459062,580,571.94,13.28
510620,459110,589,160.1,20.85
510721,459023,578,802.84,18.17
510013,459150,592,808.45,15.49
509925,459165,583,512.25,13.91
510170,459090,601,129.65,18.21
511018,459062,580,457.03,11.32
510719,459039,575,195.6,25.61
511008,459250,588,308.3,11.58
510220,459188,596,214.6,22.26
511013,459451,592,1284.52,15.58
509992,459600,612,190.83,20.07
511135,458951,569,523.42,17.75
510070,459110,591,49.58,31.47
510070,459090,607,75.05,19.83
509992,459199,594,558.47,15.34
511158,459401,586,989.07,18.41
509899,459397,599,157.36,18.2
511010,458900,569,750.87,11.45
510020,459090,632,381.47,15.49
510020,459110,587,58.25,7.16
510171,459191,594,120.48,17.44
511161,458900,573,879.81,17.45
510050,459398,608,2091.64,18.67
510470,459110,598,276.53,21.88
510570,459090,595,339.81,22.87
510122,459191,595,313.29,20.76
510070,459090,607,154.79,21.27
511157,459351,587,1079.86,16.93
510668,459038,577,284.45,13.93
510000,459398,610,358.06,16.32
509824,459167,594,62.09,16.07
509992,459199,594,202.74,15.12
510012,459350,604,1050.52,16.56
509650,459454,604,189.97,14.92
509988,459150,590,151.16,10.86
509820,459090,652,208.16,19.09
509775,459194,600,60.15,22.92
510000,459442,610,218.44,5.49
509992,459600,612,247.6,18.18
511021,458749,564,1092.21,15.02
511161,458900,573,403.83,12.23
510220,459170,596,172.52,11.3
509767,459169,595,59.02,17.45
510872,459059,578,732.01,18.51
511125,459201,579,1536.83,15.62
510020,459090,632,69.6,18.75
510020,459090,632,180.8,19.22
510012,459350,604,527.56,13.44
509600,459458,609,43.64,18.4
510870,459035,578,963.44,8.74
511159,459151,578,470.69,19.55
511011,458949,574,693.98,10.64
510122,459191,595,130.21,22.06
511020,459042,577,519.93,13.5
511070,459019,576,349.42,13.18
510370,459090,601,267.23,24.15
511270,459019,569,875.34,13.14
510670,459057,581,594.03,16.64
511020,459017,576,580.28,16.43
510070,459110,591,20.73,17.34
509875,459190,595,49.32,8.62
509800,459444,604,98.74,20.78
511020,459017,576,1233.58,15.0
511021,458749,564,1259.43,13.99
510010,459700,613,46.98,19.67
510870,459035,578,659.89,13.05
511010,458997,574,644.87,16.34
510821,459023,568,241.67,17.65
509750,459395,602,85.59,26.84
509875,459190,595,241.83,18.49
511158,459500,590,1046.11,18.38
509767,459169,595,60.96,16.66
510011,459600,611,731.31,15.18
510969,459040,577,496.16,13.23
509920,459110,625,168.9,21.48
510012,459650,610,148.4,23.58
509899,459397,599,173.97,22.48
510011,459600,611,43.63,22.95
510369,459194,599,247.11,17.41
510622,459038,581,312.2,12.69
510670,459057,581,359.75,13.45
509820,459090,652,149.98,12.9
510770,459039,578,338.4,15.87
509770,459110,624,99.06,24.81
510022,459171,591,512.99,14.45
510171,459191,594,296.89,15.02
511125,459503,584,402.35,18.04
509974,459190,595,609.27,14.68
509992,459600,612,733.28,17.18
509988,459150,590,713.5,16.15
511016,459296,594,366.11,10.5
511014,458800,566,895.48,16.45
511016,459050,576,1056.28,17.76
509550,459458,620,121.83,11.03
511160,458851,570,151.13,17.93
509700,459452,605,130.93,14.46
511161,458900,573,404.1,12.28
511018,459062,580,835.46,15.08
509920,459090,636,149.67,25.41
509993,459450,610,386.71,18.1
510772,459060,581,406.75,14.51
509750,459395,602,19.75,1.81
511135,458951,569,753.3,13.82
510220,459188,596,123.74,15.37
511124,459550,585,475.98,17.61
509700,459396,601,90.41,20.42
511129,459001,572,585.33,13.68
510012,459100,590,336.83,15.81
510070,459110,591,257.95,20.77
510012,459350,604,525.63,14.44
509899,459397,599,157.2,19.46
509993,459450,610,541.83,14.22
509992,459100,589,59.46,11.23
510011,459550,610,736.52,14.64
510120,459110,592,98.15,17.48
510011,459600,611,315.12,17.01
510068,459164,593,286.38,18.25
511018,459062,580,539.81,16.67
509950,459441,605,175.14,13.36
511073,459060,579,339.21,15.56
510010,459200,593,781.28,15.63
510470,459090,600,219.59,26.48
509750,459395,602,70.61,16.86
510100,459448,608,1059.0,12.68
510011,459501,610,557.79,2.21
510011,459400,608,359.66,15.62
511070,459019,576,466.89,12.96
510569,459039,586,1337.54,15.93
511157,459650,587,667.83,14.36
510969,459040,577,1177.19,15.8
511159,459100,578,1103.5,18.0
510000,459398,610,257.88,19.72
509820,459090,652,109.0,34.92
510569,459039,586,1596.5,13.95
509799,459398,602,73.95,16.47
511070,459019,576,873.43,17.3
511129,459001,572,908.13,17.12
510022,459171,591,85.69,14.87
511125,459201,579,281.76,13.07
510270,459170,596,225.77,19.84
511010,458997,574,517.26,16.17
509500,459464,607,24.32,19.55
510969,459060,579,952.3,15.7
510571,459054,586,415.61,14.43
510415,459173,593,493.91,18.39
510872,459059,578,486.44,10.76
511170,459037,574,315.69,11.59
509799,459398,602,96.37,26.22
509991,459250,600,205.75,14.25
511161,458900,573,1178.15,10.27
510220,459110,593,74.95,22.52
509850,459400,600,65.52,28.78
510022,459171,591,722.19,18.62
510370,459170,598,212.58,15.57
509875,459190,595,279.58,14.64
510011,459550,610,205.51,19.99
510569,459039,586,321.99,14.34
509750,459447,603,37.69,27.72
510324,459194,599,284.84,19.43
509750,459395,602,105.69,20.34
510676,459019,581,1052.36,17.36
509970,459090,630,134.48,24.03
511161,458900,573,584.21,9.79
509824,459167,594,145.12,14.07
511221,459060,577,923.65,13.93
509992,459199,594,237.92,14.85
509992,459100,589,37.68,9.53
509992,459600,612,190.79,18.61
511320,459021,570,705.41,10.43
510150,459400,603,1045.94,16.22
511123,459050,575,850.31,17.17
510770,459017,575,501.3,14.65
511016,459201,586,679.64,14.45
511016,459050,576,792.84,15.85
511120,459302,580,1003.99,15.28
511221,459060,577,519.65,13.45
510010,459450,609,695.72,27.08
510270,459170,596,222.94,17.04
511158,459550,590,618.12,16.4
510070,459090,607,43.83,17.95
510620,459090,591,123.98,20.4
510420,459110,601,84.53,15.7
510011,459501,610,516.9,14.82
511073,459060,579,567.76,14.2
509899,459397,599,157.01,19.14
510010,459450,609,940.53,15.96
509870,459169,591,163.7,21.09
509870,459169,591,193.96,16.84
510050,459445,611,1093.44,12.23
510021,459192,599,373.92,17.1
510011,459400,608,864.2,15.13
509850,459441,600,156.9,20.85
509988,459150,590,840.63,16.53
511016,459050,576,792.77,15.92
510270,459170,596,253.72,18.06
511125,458850,568,870.65,14.65
510170,459110,593,107.35,15.9
509775,459194,600,60.37,17.79
509920,459110,625,434.21,16.4
510150,459400,603,1393.8,17.87
510668,459038,577,255.26,17.44
510470,459110,598,234.12,22.58
509750,459447,603,111.01,15.12
509823,459192,598,33.99,7.65
509823,459192,598,77.54,14.37
509970,459090,630,368.73,18.97
509974,459190,595,492.77,18.21
510270,459170,596,122.48,17.87
511160,459200,578,848.08,17.46
511320,459021,570,800.0,12.27
510870,459035,578,963.62,8.7
511159,459151,578,325.14,12.41
511020,459042,577,605.54,19.38
509920,459110,625,533.15,13.8
510050,459398,608,458.17,16.53
511160,459251,578,1015.75,17.43
509770,459110,624,84.97,29.22
510320,459090,599,89.8,24.13
509770,459090,658,84.8,23.33
509820,459090,652,63.42,21.87
509986,459300,601,624.86,16.42
511372,459061,573,1009.18,9.83
509990,459350,606,260.81,14.29
510010,459200,593,892.84,14.76
509899,459397,599,207.25,18.88
511020,459042,577,613.88,17.39
509920,459110,625,434.04,16.42
509919,459191,589,665.04,11.93
511018,459353,582,255.7,11.01
509650,459394,601,102.19,7.33
510571,459017,583,67.67,18.88
509500,459464,607,37.12,18.33
511159,459300,586,703.3,16.97
510020,459110,587,92.96,19.71
511162,458951,572,956.38,17.45
510719,459039,575,472.09,22.96
510050,459445,611,737.05,14.13
509767,459169,595,60.81,16.39
510719,459039,575,179.33,20.06
509992,459100,589,410.4,15.54
509770,459110,624,87.66,20.79
510070,459110,591,97.21,11.96
510072,459191,596,418.52,17.23
510270,459090,600,108.56,14.3
510012,459350,604,951.15,17.91
510010,459200,593,586.81,15.94
511070,459019,576,428.2,15.6
509870,459169,591,532.61,13.29
509770,459110,624,62.39,24.48
509991,459250,600,132.62,16.18
510010,459450,609,1073.3,14.59
510012,459300,597,191.89,20.15
511021,458749,564,875.65,14.83
510010,459450,609,1074.58,13.95
510719,459039,575,626.25,15.49
510220,459170,596,147.59,22.45
510012,459300,597,192.95,21.98
511320,459021,570,453.59,10.11
510150,459400,603,1045.18,16.09
509988,459150,590,715.9,16.18
511124,459251,580,1330.21,17.84
509988,459150,590,704.06,17.76
509820,459110,624,272.01,20.24
511123,459050,575,289.23,17.73
511018,459099,577,1049.48,17.96
509993,459450,610,881.97,14.29
510324,459172,599,290.47,18.33
510200,459398,600,1142.31,16.25
510120,459165,601,209.99,22.68
510011,459400,608,358.7,9.78
509989,459650,611,765.44,19.72
510220,459110,593,53.94,11.28
510270,459170,596,119.61,20.28
511159,459100,578,223.75,11.05
510120,459165,601,300.13,16.45
511162,458951,572,952.72,15.86
511020,459042,577,521.12,13.45
511120,459302,580,191.11,13.1
510171,459191,594,148.46,22.9
509600,459458,609,60.71,19.78
510072,459191,596,185.61,22.65
510011,459400,608,347.45,14.29
510719,459039,575,178.7,20.24
510050,459445,611,611.02,13.14
510220,459099,601,67.01,24.23
509650,459454,604,190.17,15.17
509800,459444,604,59.26,27.9
510070,459090,607,37.15,17.22
509767,459169,595,59.06,17.2
509850,459400,600,65.57,28.98
509775,459194,600,57.4,21.7
511016,459296,594,617.85,17.49
511124,459251,580,950.78,16.05
510011,459501,610,225.7,13.14
509770,459090,658,102.07,25.64
509700,459396,601,95.8,14.77
509990,459350,606,906.01,15.41
509989,459650,611,174.45,18.66
509550,459458,620,85.44,14.44
511018,459099,577,403.81,16.51
511071,459043,576,689.63,13.46
511125,458850,568,254.14,13.04
509770,459110,624,72.3,26.83
509823,459192,598,147.11,13.89
510012,459300,597,365.42,10.72
509991,459800,612,49.99,25.22
509870,459090,651,284.57,9.91
511160,459200,578,375.45,18.77
509950,459399,606,492.75,14.82
509974,459190,595,294.4,16.74
510020,459110,587,37.85,20.37
510011,459400,608,663.11,12.42
511120,459302,580,933.27,19.0
510466,459173,600,478.52,14.1
510817,459036,571,199.43,12.59
509970,459110,625,417.4,13.41
510570,459110,593,122.0,20.89
509824,459167,594,75.82,20.8
510569,459039,586,378.84,12.8
510772,459060,581,299.86,28.18
509991,459500,612,1091.62,18.1
510120,459090,607,24.83,6.59
511018,459099,577,1637.91,15.88
509550,459458,620,140.31,11.76
511221,459020,575,860.5,14.09
510420,459110,601,175.28,17.83
510050,459445,611,1078.43,14.91
510020,459090,632,37.23,17.34
511170,459060,578,694.62,14.43
511013,458849,567,961.45,14.37
509919,459191,589,108.86,16.77
511133,458904,570,167.72,13.28
510011,459750,610,46.8,22.01
509925,459165,583,512.97,14.12
509992,459600,612,442.33,15.2
509775,459194,600,38.57,22.49
510571,459017,583,310.37,10.19
510923,459037,581,1180.07,15.05
511129,459001,572,722.47,15.21
509550,459458,620,19.7,21.69
510300,459448,602,983.69,15.62
511125,459201,579,1386.92,17.8
510872,459059,578,508.58,14.04
510370,459090,601,266.96,22.35
510020,459110,587,219.0,18.15
511010,458900,569,1902.6,12.92
509950,459441,605,728.83,19.71
511013,458849,567,749.95,13.01
510270,459090,600,23.58,23.32
509700,459396,601,159.43,14.95
511022,459402,590,567.29,15.51
510770,459017,575,552.93,21.31
510625,459011,582,407.16,17.03
509991,459500,612,492.15,16.27
509986,459300,601,654.4,15.24
510770,459039,578,108.83,13.96
510010,459450,609,848.59,13.37
510571,459017,583,304.78,14.68
510011,459800,612,206.85,26.96
510122,459191,595,312.09,21.66
511163,459600,592,761.07,15.27
510571,459190,595,631.88,14.49
511221,459060,577,528.46,13.51
511135,458951,569,936.3,12.34
510470,459110,598,94.94,14.18
511160,458851,570,923.01,15.69
511372,459061,573,1443.63,12.02
510870,459035,578,568.51,12.3
511020,459042,577,371.17,11.84
510220,459095,601,36.51,23.87
510050,459445,611,1092.04,12.02
510676,459019,581,514.05,18.21
511013,458849,567,593.7,12.29
510621,459055,583,1561.83,15.92
510270,459090,600,106.98,14.82
510012,459300,597,191.12,3.68
511170,459037,574,1093.28,15.3
510625,459011,582,1189.66,14.71
510817,459036,571,199.52,13.96
511020,459150,581,988.09,17.82
511123,458802,569,1036.17,19.13
509974,459190,595,658.29,18.45
510011,459501,610,778.44,15.95
509875,459190,595,377.72,14.93
510320,459090,599,84.33,21.18
510068,459164,593,606.59,18.27
510000,459398,610,409.14,11.82
510000,459398,610,255.8,17.15
510122,459191,595,313.37,20.36
509601,459395,602,41.8,13.54
511129,459001,572,386.52,17.52
511162,458951,572,514.53,19.41
510621,459055,583,262.18,8.66
509500,459464,607,24.31,20.34
510676,459019,581,290.33,19.39
510050,459445,611,787.34,13.21
509850,459441,600,86.22,25.34
510872,459059,578,1003.8,13.39
510010,459900,609,53.9,26.68
509875,459190,595,59.1,11.95
510012,459300,597,431.69,13.3
509991,459550,614,463.14,15.04
511120,459302,580,1427.65,15.85
511120,459058,578,600.4,18.54
509823,459192,598,112.11,19.08
511070,459019,576,523.72,16.26
509990,459350,606,260.71,14.37
510270,459170,596,224.82,17.12
510122,459191,595,210.21,21.56
510012,459350,604,529.16,13.06
509500,459464,607,57.61,11.23
510011,459750,610,57.41,19.95
510012,459250,595,161.95,12.51
510817,459036,571,361.87,13.56
510012,459100,590,417.31,15.73
511124,459154,577,396.51,15.04
509925,459165,583,320.01,15.87
509820,459110,624,154.15,18.87
511013,458849,567,747.23,12.68
510817,459036,571,281.98,17.0
511016,459050,576,1055.73,17.71
511320,459037,574,416.97,10.41
511070,459019,576,556.49,13.38
509970,459110,625,183.76,18.74
509500,459464,607,57.76,11.53
510921,459063,579,562.09,13.6
510050,459398,608,634.31,13.08
509920,459090,636,462.54,15.87
509650,459394,601,123.16,14.7
510120,459165,601,79.58,12.93
510170,459090,601,72.4,19.71
510220,459188,596,171.23,21.35
509974,459190,595,488.72,15.1
511119,459041,576,354.14,14.32
511161,458900,573,188.03,14.53
510872,459059,578,689.61,8.4
511010,458997,574,1021.86,15.27
511135,458951,569,881.71,17.34
510200,459398,600,809.58,13.92
511170,459037,574,449.28,13.31
510970,459017,578,845.62,16.67
510521,459173,606,584.92,21.69
510122,459191,595,130.59,23.75
511020,459042,577,1085.37,15.59
511124,459251,580,1337.64,17.72
510072,459191,596,184.52,18.89
510370,459170,598,362.76,17.62
510012,459300,597,195.07,14.33
510870,459035,578,808.66,10.79
510369,459194,599,332.35,18.15
510010,459450,609,820.03,17.91
509991,459550,614,148.9,20.68
511022,459598,591,554.91,14.55
510721,459023,578,602.32,16.0
510012,459350,604,1078.06,16.32
510011,459400,608,360.1,18.15
511121,459014,576,620.73,13.31
509823,459192,598,111.57,14.88
510923,459037,581,889.94,16.51
509986,459300,601,344.77,14.1
511229,459038,570,518.93,11.38
511270,459061,573,454.99,12.3
509900,459442,601,148.46,19.29
510011,459600,611,1137.68,17.01
510013,459150,592,809.33,15.68
509767,459169,595,68.92,20.72
510010,459450,609,646.62,15.71
509992,459199,594,172.42,15.48
509823,459192,598,82.31,15.16
509850,459400,600,137.9,22.74
511133,458904,570,538.36,14.08
510770,459039,578,786.18,17.48
510000,459442,610,592.65,11.46
509993,459450,610,816.37,14.0
509991,459500,612,235.85,17.69
509992,459199,594,237.74,14.94
509990,459350,606,205.57,19.14
510021,459192,599,373.69,17.02
511008,459250,588,641.63,17.57
510220,459110,593,53.58,28.81
511020,459017,576,1234.48,14.97
510770,459039,578,784.94,17.53
511320,459021,570,1213.35,11.27
511133,458904,570,839.91,14.35
510011,459550,610,315.13,17.46
509870,459090,651,406.54,17.05
511120,459058,578,275.34,17.07
509650,459394,601,192.4,17.64
509899,459397,599,30.49,9.81
509823,459192,598,88.56,16.09
509989,459650,611,132.17,23.14
511163,459051,576,273.26,16.35
510772,459060,581,1161.01,16.13
509875,459190,595,951.27,14.62
509990,459700,613,38.35,13.76
509800,459444,604,66.38,22.62
510008,459950,608,214.92,26.87
510012,459250,595,671.91,15.34
510872,459059,578,478.64,13.53
510120,459090,607,82.56,15.45
510772,459060,581,699.49,16.18
509974,459190,595,491.76,18.39
510250,459399,602,2026.85,18.15
511010,458900,569,434.97,10.93
510270,459090,600,23.32,16.44
511135,458951,569,568.5,18.92
509650,459454,604,58.89,30.06
510324,459194,599,313.44,16.33
510072,459191,596,330.04,15.65
510319,459110,593,51.15,24.62
510011,459600,611,1138.63,17.03
509919,459191,589,395.67,15.16
510921,459063,579,760.96,13.65
509920,459090,636,462.82,15.76
509991,459800,612,139.08,26.79
510721,459023,578,246.44,14.19
510150,459400,603,901.09,18.7
510676,459019,581,103.46,22.87
509993,459450,610,263.72,17.75
509992,459199,594,172.79,17.04
510569,459039,586,1597.81,13.97
510220,459091,601,86.83,17.45
509991,459400,608,453.46,14.57
510012,459100,590,413.52,13.96
510020,459090,632,317.36,17.72
510770,459039,578,506.32,24.54
509770,459090,658,105.84,20.69
510324,459194,599,297.65,17.86
511120,459302,580,1257.15,17.53
511008,459250,588,642.27,13.69
511018,459062,580,1010.92,15.71
509950,459441,605,86.16,10.84
510670,459057,581,122.14,22.5
511020,459042,577,498.65,17.13
510270,459090,600,81.2,18.78
510010,459450,609,1077.09,14.0
510100,459448,608,491.53,16.14
511129,459001,572,663.02,15.02
509650,459394,601,59.52,20.28
510012,459300,597,381.42,13.96
509875,459190,595,269.25,15.83
509990,459700,613,283.82,17.26
511125,459503,584,613.39,16.24
510100,459398,604,1006.68,17.76
510012,459350,604,1061.09,16.31
511125,458850,568,605.79,14.06
511125,458850,568,611.13,12.27
509997,459750,616,51.84,23.14
510772,459060,581,407.18,18.01
510220,459109,601,67.01,28.23
511010,458900,569,312.26,11.37
510370,459110,596,193.95,20.46
510270,459090,600,107.08,15.16
509920,459110,625,57.45,14.63
511270,459038,568,344.69,12.62
511071,459043,576,512.94,12.69
510270,459090,600,64.24,23.29
509824,459167,594,72.22,22.47
510100,459398,604,1723.14,16.92
511159,459100,578,174.47,16.16
510120,459090,607,175.7,16.76
509988,459150,590,136.5,15.7
509770,459110,624,72.15,26.72
510120,459090,607,175.84,16.74
510571,459054,586,749.95,15.61
510621,459055,583,67.2,22.79
510000,459398,610,1297.54,15.34
511124,459154,577,894.32,18.26
510170,459090,601,51.63,24.25
509799,459398,602,177.4,21.47
510319,459110,593,49.58,17.95
511160,459251,578,1273.36,17.89
509650,459394,601,94.9,18.53
511158,459500,590,956.33,18.77
511018,459646,595,405.95,13.94
511124,459154,577,532.65,19.0
510200,459398,600,1094.75,18.97
510012,459300,597,252.12,13.65
511124,459251,580,282.47,13.84
510420,459090,605,196.72,24.48
510969,459040,577,588.04,13.79
510012,459350,604,523.56,13.25
509950,459399,606,168.51,17.59
509991,459250,600,205.5,14.46
509993,459450,610,710.71,17.94
510200,459448,605,669.11,15.67
509992,459600,612,735.62,17.2
511022,459402,590,1446.04,16.0
511135,458951,569,749.04,14.89
511161,459000,578,249.43,13.08
510870,459019,576,801.66,9.55
510569,459039,586,431.9,18.29
510200,459448,605,663.69,15.86
511221,459020,575,1118.74,13.35
511013,458849,567,828.28,16.26
510676,459019,581,211.37,21.93
509870,459090,651,636.4,17.06
511135,458951,569,927.83,17.44
510270,459110,593,92.03,9.33
509820,459110,624,90.16,29.73
510420,459189,596,569.2,18.62
511011,458949,574,1088.1,14.82
509550,459392,608,37.24,22.31
511135,458951,569,937.79,12.51
510011,459501,610,516.88,14.86
511370,459036,568,885.56,10.13
510670,459057,581,207.37,16.14
509919,459191,589,467.85,16.75
510012,459250,595,670.57,15.5
509993,459450,610,385.45,23.48
511121,459014,576,621.01,13.34
511135,458951,569,926.36,17.33
510817,459036,571,342.6,11.67
510270,459090,600,30.13,17.46
510722,459057,581,293.17,28.23
509950,459441,605,299.17,11.12
510670,459057,581,592.72,16.46
511472,459024,568,1304.45,9.96
510011,459800,612,53.58,22.96
509823,459192,598,113.67,15.39
509991,459800,612,49.99,25.67
511010,458900,569,547.07,11.34
510171,459191,594,331.5,19.7
509799,459398,602,69.56,27.49
510170,459090,601,92.1,19.92
510100,459398,604,735.75,18.28
509990,459700,613,38.42,17.56
511221,459020,575,683.99,11.73
510772,459060,581,413.52,13.63
509875,459190,595,96.71,14.95
509968,459170,584,712.71,15.06
509974,459190,595,659.6,18.49
509767,459169,595,54.18,28.74
510010,459200,593,894.51,14.7
511157,459351,587,391.23,17.34
511161,458800,569,994.04,15.76
509900,459442,601,103.05,20.18
510870,459019,576,535.91,13.18
510170,459090,601,39.26,26.08
511014,458800,566,1153.73,12.72
511018,459062,580,539.37,16.78
509820,459110,624,55.32,27.57
510170,459090,601,70.73,17.16
510415,459173,593,626.04,20.5
509850,459441,600,85.56,22.13
511159,459300,586,1365.61,16.38
509899,459397,599,49.83,11.65
509820,459110,624,156.53,12.46
510068,459164,593,73.76,23.03
510921,459019,583,950.29,12.72
509770,459090,658,41.93,30.97
509991,459800,612,37.41,20.19
511159,459100,578,824.57,17.17
510571,459017,583,1516.98,14.17
511016,459201,586,392.17,16.52
510010,459450,609,225.63,17.47
510011,459600,611,43.73,14.87
510171,459191,594,335.33,16.36
510220,459170,596,150.02,18.32
510719,459039,575,195.12,22.52
510370,459170,598,295.2,17.86
509987,459900,607,36.41,21.19
510721,459023,578,290.52,26.0
509870,459169,591,206.54,19.56
510000,459398,610,356.71,15.63
510170,459090,601,129.77,18.15
510120,459090,607,82.39,15.16
509870,459110,625,131.43,25.88
509700,459396,601,74.7,18.95
509991,459250,600,132.84,16.28
509823,459192,598,94.85,10.13
511161,458900,573,808.35,15.35
511159,459151,578,737.12,17.95
510668,459038,577,900.68,17.28
510220,459102,601,67.66,16.92
511121,459354,583,1300.93,17.61
511011,458949,574,607.2,11.39
510370,459090,601,90.63,16.97
510220,459110,593,51.62,21.9
511010,458900,569,312.36,11.36
509550,459392,608,91.69,20.03
511320,459037,574,1034.3,11.95
510170,459110,593,124.57,15.58
511162,458951,572,378.76,14.58
509993,459450,610,274.76,17.15
510020,459110,587,219.56,18.19
510011,459501,610,225.93,15.18
511016,459296,594,812.68,18.56
509800,459444,604,98.34,20.8
509986,459300,601,163.62,16.0
511008,459250,588,1921.06,16.04
510122,459191,595,366.63,16.19
510220,459170,596,200.38,17.49
509992,459100,589,317.87,15.22
510622,459038,581,331.15,12.61
510012,459350,604,1010.55,18.38
509700,459396,601,105.79,16.68
511123,459050,575,712.42,17.71
511124,459251,580,1324.26,17.34
510000,459442,610,615.77,13.55
509870,459169,591,329.71,15.03
509750,459447,603,50.08,21.53
509823,459192,598,309.35,14.19
509823,459192,598,358.42,12.75
509920,459090,636,479.61,14.3
510068,459164,593,116.94,24.56
510012,459850,610,44.55,20.8
509950,459399,606,747.89,14.52
511125,459201,579,1066.83,19.28
510000,459442,610,333.36,13.53
510072,459191,596,358.28,18.84
510011,459800,612,1079.74,18.54
511162,459700,586,183.05,14.35
510420,459090,605,191.55,20.87
510250,459399,602,970.07,15.63
509870,459110,625,461.57,15.41
509700,459396,601,44.36,22.81
510770,459039,578,299.81,20.96
511070,459019,576,557.17,13.58
510320,459090,599,151.05,15.23
509991,459500,612,918.87,13.77
509993,459450,610,880.96,14.23
510370,459170,598,203.88,17.6
510120,459110,592,92.54,21.92
510022,459171,591,167.9,22.27
509601,459395,602,214.79,15.66
510719,459039,575,274.99,14.47
510120,459165,601,210.48,22.14
509770,459090,658,134.15,28.7
511135,458951,569,569.56,18.89
510622,459038,581,308.05,18.89
509750,459395,602,96.49,17.09
510472,459191,602,549.09,14.11
510772,459060,581,374.44,25.17
510020,459090,632,53.98,6.79
511124,459251,580,1007.78,19.07
510572,459172,596,560.45,17.27
511013,459451,592,439.3,21.22
510270,459170,596,215.16,12.83
510120,459165,601,265.75,17.52
510370,459090,601,90.72,19.16
509870,459169,591,164.06,21.35
511018,459062,580,648.58,13.57
510719,459039,575,447.25,17.87
511129,459400,579,876.69,17.64
510220,459170,596,99.4,16.86
510010,459450,609,811.67,18.88
511124,459154,577,1747.46,17.83
509992,459199,594,773.27,15.1
510000,459398,610,358.47,16.19
510719,459039,575,178.89,18.02
511159,459100,578,222.9,11.12
510011,459550,610,160.87,24.95
509550,459458,620,119.81,20.05
509650,459454,604,119.6,17.91
509899,459397,599,158.2,19.6
509991,459250,600,272.19,14.66
511121,459650,590,264.13,19.22
510721,459023,578,117.48,22.4
509993,459450,610,709.97,17.87
511170,459017,575,269.87,12.5
509700,459396,601,64.19,15.93
510012,459850,610,121.92,29.47
509992,459100,589,85.73,13.22
511071,459043,576,448.43,13.69
509970,459090,630,28.58,9.91
509799,459398,602,69.72,27.68
509767,459169,595,59.39,12.94
510010,459450,609,692.49,27.73
510400,459403,593,1026.84,13.42
511014,458800,566,407.98,8.98
510668,459038,577,84.42,23.82
510719,459039,575,447.55,18.0
510011,459400,608,347.45,13.86
510220,459110,593,30.45,15.63
510719,459039,575,275.1,13.45
509920,459110,625,447.89,15.63
510012,459300,597,382.71,14.32
510020,459090,632,43.14,2.68
511121,459014,576,250.64,14.9
510821,459023,568,357.43,20.61
510120,459110,592,233.8,20.08
509899,459397,599,39.93,12.27
511160,458851,570,1144.26,15.74
509799,459398,602,176.3,20.75
510921,459063,579,471.11,1.33
509650,459454,604,41.04,22.43
509601,459395,602,137.44,16.84
510070,459090,607,36.85,25.03
510170,459110,593,54.14,28.01
510170,459110,593,99.99,21.35
510370,459090,601,169.14,17.35
511163,459051,576,774.78,18.93
510000,459442,610,1364.06,13.62
510120,459110,592,51.44,21.95
511170,459060,578,417.57,13.24
510050,459398,608,457.29,18.11
511160,459200,578,506.59,19.41
509991,459550,614,213.96,18.83
510370,459170,598,363.37,17.79
510220,459106,601,19.15,26.64
510401,459448,593,1719.42,16.44
511161,458800,569,736.01,13.46
510100,459448,608,960.31,13.99
511071,459043,576,449.42,13.73
509650,459394,601,36.5,14.88
511270,459019,569,383.55,12.15
509990,459700,613,57.96,21.17
510070,459110,591,66.37,20.07
509990,459350,606,495.75,14.08
509601,459395,602,116.39,18.46
511016,459201,586,692.59,18.08
510324,459194,599,247.25,23.08
509920,459090,636,479.88,14.32
511124,459154,577,1320.24,15.63
510200,459448,605,663.54,15.92
510011,459400,608,1343.53,19.69
509775,459194,600,84.56,20.21
509919,459191,589,106.23,17.14
509899,459397,599,30.49,10.87
509991,459550,614,439.6,16.12
510150,459400,603,911.15,13.88
509920,459090,636,57.31,19.87
509775,459194,600,56.95,18.49
510011,459501,610,958.46,18.83
510420,459189,596,390.51,15.94
511008,459250,588,1512.36,13.9
511014,458800,566,1031.82,13.72
510270,459170,596,216.96,12.75
510921,459019,583,928.83,12.5
509700,459452,605,43.51,22.82
510719,459039,575,275.22,14.73
509850,459400,600,111.26,20.51
509988,459150,590,432.4,17.28
510821,459023,568,341.38,12.77
509920,459090,636,333.23,21.0
510270,459090,600,80.98,19.12
511129,459001,572,323.84,14.52
509870,459090,651,635.94,17.03
510010,459200,593,423.94,14.84
510571,459054,586,261.4,6.85
511022,459402,590,1135.08,14.63
511162,458951,572,334.89,12.19
509800,459444,604,134.53,17.33
509870,459110,625,369.74,11.88
511159,459100,578,827.93,17.0
511126,459100,577,975.14,17.28
509991,459550,614,309.39,16.75
510324,459172,599,166.59,18.48
511123,458802,569,1018.83,15.54
511017,459698,590,351.32,16.78
511010,458997,574,749.29,18.01
510168,459163,595,300.85,16.07
509870,459110,625,339.06,16.86
510000,459398,610,887.58,14.64
511229,459038,570,1483.8,14.35
509992,459600,612,246.8,18.59
510010,459700,613,61.83,20.56
510520,459110,596,142.53,27.8
510122,459191,595,312.41,20.64
509650,459394,601,36.47,14.65
510011,459750,610,57.44,20.96
510120,459090,607,47.68,21.98
509850,459400,600,175.71,21.44
511124,459251,580,536.9,18.48
511124,459251,580,284.63,11.37
511135,458951,569,751.93,13.86
510969,459060,579,609.27,21.04
509992,459199,594,801.02,16.59
509823,459192,598,366.19,12.35
510000,459442,610,220.29,13.73
511160,458851,570,868.98,18.94
510012,459650,610,535.11,12.85
510012,459350,604,221.43,8.82
510013,459150,592,171.95,11.62
511120,459058,578,335.79,16.27
509799,459398,602,165.34,18.97
509950,459441,605,692.65,15.3
509899,459397,599,207.71,18.86
509970,459090,630,134.56,23.44
509799,459398,602,33.78,3.19
509997,459750,616,37.37,15.48
511016,459050,576,391.94,13.78
509601,459395,602,210.95,17.06
510070,459110,591,128.31,19.63
510011,459800,612,105.87,27.1
509767,459169,595,96.75,17.78
509700,459452,605,36.97,21.18
509799,459398,602,117.83,26.57
510012,459250,595,322.79,13.93
510921,459063,579,756.39,14.36
511018,459099,577,403.24,16.49
511020,459017,576,1062.21,14.96
511160,459251,578,1021.27,17.6
511010,458997,574,316.24,10.45
509824,459167,594,383.96,15.94
511161,458900,573,652.8,18.66
511020,459042,577,1083.04,15.26
510824,459058,573,153.48,7.72
509993,459450,610,426.55,16.47
509500,459464,607,135.08,15.1
509899,459397,599,30.9,16.44
511161,458800,569,734.28,13.53
510668,459038,577,284.65,13.57
509900,459442,601,70.63,14.52
511159,459151,578,324.66,12.43
510772,459060,581,407.07,14.5
510013,459150,592,688.86,16.64
511120,459451,582,350.21,18.69
510320,459090,599,155.84,23.23
510012,459350,604,260.02,9.71
509919,459191,589,325.84,16.91
510122,459191,595,350.95,17.93
510625,459011,582,1189.11,14.79
510008,459950,608,38.46,24.91
511119,459041,576,796.69,15.33
511125,459201,579,1063.61,19.16
510817,459036,571,249.69,17.66
509767,459169,595,30.5,22.4
510012,459250,595,323.31,12.42
510011,459550,610,1118.14,18.59
510450,459400,589,1134.85,14.88
509899,459397,599,180.63,19.06
509800,459444,604,134.44,16.04
509824,459167,594,381.78,15.95
510010,459700,613,285.1,17.12
510719,459039,575,471.46,23.78
511160,459251,578,739.88,16.68
509992,459199,594,624.98,14.68
510120,459090,607,69.19,17.05
509601,459395,602,74.88,18.64
511133,458904,570,969.83,14.39
510011,459750,610,397.33,19.0
510022,459171,591,120.44,26.09
510000,459398,610,888.07,14.63
510324,459194,599,296.84,17.48
510000,459398,610,1413.57,17.58
510415,459173,593,350.99,15.02
511018,459099,577,839.74,18.09
511160,459200,578,507.97,19.24
511020,459042,577,1206.06,13.39
510623,459190,590,848.03,15.13
511160,459450,587,933.22,19.0
509950,459399,606,183.78,11.86
511161,458900,573,1019.15,17.93
511123,459598,586,449.99,17.65
511133,458904,570,661.74,16.77
510621,459055,583,1559.49,16.03
511170,459037,574,313.8,13.29
510012,459850,610,50.65,24.43
511018,459062,580,362.97,19.91
511010,458997,574,1784.46,16.22
511016,459050,576,590.33,10.83
510012,459350,604,588.41,14.54
510621,459055,583,67.52,18.23
510012,459250,595,166.33,11.36
510021,459192,599,124.73,20.93
510068,459164,593,225.64,23.08
509899,459397,599,95.99,18.3
510772,459060,581,520.37,15.32
509850,459441,600,47.08,16.7
509991,459550,614,653.18,13.9
511163,459600,592,1057.37,17.09
509700,459452,605,131.04,13.13
509991,459400,608,719.18,14.15
510621,459055,583,333.66,11.81
510021,459192,599,303.84,18.51
511161,458900,573,934.6,17.24
510324,459172,599,263.34,15.81
510021,459192,599,436.25,14.35
509850,459441,600,76.75,18.71
510000,459398,610,359.88,12.11
510249,459448,603,1029.8,13.72
509500,459464,607,37.05,18.29
511160,459200,578,845.44,16.88
511159,459300,586,507.54,17.34
509601,459395,602,42.01,13.51
509900,459442,601,150.76,18.73
510000,459442,610,697.11,14.31
510068,459164,593,606.72,18.27
510010,459450,609,225.91,16.07
509974,459190,595,227.22,17.42
511161,458900,573,652.59,18.59
510270,459090,600,30.25,22.43
510870,459035,578,665.39,11.99
510370,459090,601,162.57,19.34
511011,458949,574,726.11,14.11
509770,459110,624,87.78,21.82
510676,459019,581,514.87,18.92
509550,459458,620,63.99,18.11
509800,459444,604,35.94,2.67
511016,459296,594,536.56,12.69
510011,459501,610,315.26,11.51
511159,459151,578,1243.87,18.26
510670,459057,581,316.85,12.15
510870,459035,578,925.92,17.23
509950,459441,605,174.99,12.3
510000,459398,610,1414.34,17.51
510220,459110,593,30.53,10.44
509899,459397,599,157.57,19.75
509875,459190,595,377.84,15.04
510171,459191,594,330.83,19.68
510772,459060,581,484.95,24.77
510270,459170,596,227.11,20.17
510013,459150,592,167.54,16.36
510011,459600,611,68.21,22.13
510072,459191,596,329.4,15.66
510721,459023,578,198.66,15.34
511160,458851,570,291.84,16.2
510220,459105,601,36.59,23.48
510020,459110,587,44.68,25.01
509992,459600,612,35.58,10.28
510021,459192,599,575.27,18.66
510817,459036,571,363.05,19.72
509800,459444,604,65.97,12.68
509823,459192,598,113.68,15.43
509950,459399,606,492.12,14.79
510000,459398,610,529.22,14.28
509970,459090,630,279.1,18.22
510719,459039,575,447.95,17.57
510824,459058,573,1028.08,13.77
509992,459600,612,536.06,14.79
510872,459059,578,642.8,17.34
509650,459394,601,61.72,23.81
511229,459038,570,500.46,13.42
510012,459650,610,185.87,22.5
510220,459093,601,59.54,20.11
511010,458997,574,1024.03,15.27
510420,459110,601,311.87,22.28
511129,459001,572,666.05,14.91
511014,458800,566,1107.91,15.73
510270,459170,596,128.92,20.39
509775,459194,600,76.31,20.47
510013,459150,592,214.23,13.51
509919,459191,589,545.01,13.6
510150,459400,603,736.31,13.44
510072,459191,596,603.99,18.64
510170,459090,601,25.64,3.66
510772,459060,581,521.28,15.63
510020,459110,587,92.5,18.62
509700,459452,605,157.24,15.23
509601,459395,602,34.53,22.76
511018,459099,577,533.24,11.27
510122,459191,595,351.07,17.84
510021,459192,599,574.99,18.71
510000,459442,610,472.58,13.02
510011,459501,610,987.59,12.27
509750,459395,602,81.73,24.32
510415,459173,593,298.43,18.2
510200,459398,600,1158.62,18.22
510370,459110,596,102.59,19.2
510670,459057,581,317.52,12.4
509601,459395,602,48.07,17.55
511013,458849,567,987.21,11.64
510872,459059,578,479.81,13.09
510969,459040,577,991.51,16.55
509991,459250,600,238.75,14.08
510010,459450,609,450.05,19.7
510012,459350,604,1050.78,16.25
511016,459050,576,391.67,13.72
509823,459192,598,357.43,12.74
510270,459110,593,58.72,21.97
510676,459019,581,211.41,21.96
509850,459400,600,22.61,5.91
509991,459250,600,138.67,14.09
509850,459400,600,175.81,21.54
510012,459100,590,342.02,15.9
510220,459188,596,170.89,20.19
509700,459452,605,68.7,24.76
510200,459448,605,1103.88,13.84
511125,458850,568,1055.72,14.47
510569,459039,586,345.0,11.21
510817,459036,571,282.27,17.16
511010,458997,574,567.35,11.54
510300,459448,602,1380.73,16.79
511123,458802,569,829.84,15.35
511159,459100,578,1308.92,17.15
510200,459448,605,971.9,14.81
510070,459090,607,63.12,15.9
511014,458800,566,605.44,11.91
509950,459441,605,85.55,19.26
509799,459398,602,118.1,26.57
509799,459398,602,72.86,14.48
511016,459050,576,443.11,15.59
510011,459600,611,732.33,15.17
510012,459650,610,69.84,22.28
510012,459350,604,257.31,5.56
509770,459110,624,127.47,25.17
509601,459395,602,51.4,17.02
509550,459458,620,48.53,17.93
509870,459090,651,134.59,23.03
510870,459035,578,790.13,16.15
509925,459165,583,319.88,15.8
509750,459447,603,72.59,24.22
510012,459350,604,550.21,13.88
509750,459447,603,65.05,15.37
509991,459500,612,310.29,17.57
509750,459447,603,37.69,27.72
510824,459058,573,493.48,12.89
510249,459448,603,684.92,15.35
511071,459043,576,478.46,16.0
510011,459600,611,194.91,22.14
510011,459400,608,1294.28,19.8
510470,459110,598,141.51,18.03
510068,459164,593,148.18,23.9
510011,459600,611,43.85,18.33
511125,459201,579,774.31,18.04
510072,459191,596,291.28,22.04
509970,459090,630,369.19,13.56
510668,459038,577,515.07,22.75
510122,459191,595,350.99,17.97
510120,459090,607,24.55,8.39
510824,459058,573,70.19,9.6
509820,459090,652,310.82,21.25
511010,458997,574,316.9,10.52
510012,459350,604,531.33,12.2
510020,459090,632,317.64,17.69
511163,459051,576,901.53,16.43
511120,459302,580,861.62,18.25
510719,459039,575,107.64,20.26
510020,459110,587,60.47,16.01
510011,459550,610,570.84,14.51
509992,459100,589,445.1,14.0
510070,459090,607,75.04,19.1
510970,459017,578,800.13,16.64
509992,459100,589,291.45,15.31
510022,459171,591,538.05,16.19
510020,459090,632,180.54,19.37
510220,459188,596,299.39,13.93
510622,459038,581,1218.94,14.25
511018,459099,577,785.06,15.68
510270,459090,600,108.3,14.36
509650,459454,604,129.83,14.91
511160,459200,578,1135.7,18.21
510000,459398,610,409.52,12.02
510021,459192,599,523.23,16.12
510220,459170,596,149.05,26.72
509600,459458,609,135.73,15.36
509550,459458,620,135.72,19.18
511013,458849,567,923.78,12.74
509500,459464,607,96.53,13.58
510170,459110,593,124.31,14.92
510572,459172,596,380.93,14.16
511016,459050,576,571.46,16.48
510068,459164,593,307.46,15.95
510872,459059,578,687.9,8.46
511133,458904,570,167.42,13.47
510623,459190,590,835.23,18.55
510011,459501,610,958.4,18.85
510817,459036,571,362.57,13.14
510100,459398,604,243.87,16.04
509925,459165,583,26.04,23.2
511161,458900,573,932.82,13.68
511420,459045,568,1968.99,8.79
510122,459191,595,170.71,22.6
510012,459350,604,608.11,14.17
510011,459501,610,505.8,16.17
511170,459037,574,733.26,14.63
510817,459036,571,362.91,19.71
511160,459251,578,413.08,18.72
510020,459090,632,142.15,23.38
510921,459063,579,759.58,13.8
510721,459023,578,173.09,19.67
511022,459402,590,982.88,16.95
509993,459450,610,265.67,6.56
509991,459500,612,1093.99,18.07
509992,459199,594,125.36,15.86
510668,459038,577,254.55,16.23
511120,459302,580,1442.64,15.97
509600,459458,609,65.97,18.44
510870,459035,578,495.13,15.3
510100,459448,608,1197.09,17.37
509925,459165,583,360.54,18.75
510150,459400,603,332.49,16.88
510220,459103,601,59.52,20.21
510150,459450,604,1179.65,13.99
509770,459090,658,84.83,26.25
510120,459090,607,97.19,19.89
509974,459190,595,228.03,18.25
509870,459110,625,193.0,19.82
509991,459400,608,252.44,21.81
509950,459441,605,891.91,13.43
511229,459038,570,1052.86,14.0
510013,459150,592,448.04,16.25
510013,459150,592,621.99,16.81
511010,458900,569,866.75,10.18
510569,459039,586,53.03,25.93
509988,459150,590,151.76,15.51
510200,459448,605,971.69,14.78
509820,459110,624,185.51,16.05
511160,458851,570,609.49,12.43
511162,458951,572,481.45,10.77
510010,459450,609,284.7,16.92
509992,459600,612,259.84,16.06
511161,459000,578,722.31,18.6
509800,459444,604,105.84,20.89
509700,459396,601,107.8,18.11
509601,459395,602,75.45,20.78
510571,459017,583,67.55,19.04
510521,459173,606,399.78,13.86
510012,459250,595,275.73,10.77
510010,459700,613,158.88,22.8
511124,459154,577,408.93,15.74
511221,459060,577,1302.66,14.59
509850,459441,600,67.34,29.28
511270,459038,568,972.62,13.13
511119,459041,576,845.37,16.08
510000,459442,610,616.1,13.39
509919,459191,589,188.03,14.84
510870,459035,578,568.67,12.73
510122,459191,595,313.26,20.59
511157,459351,587,186.06,18.55
511010,458900,569,686.53,16.59
509899,459397,599,40.23,10.9
511120,459058,578,435.33,14.54
510020,459110,587,60.99,20.56
509992,459600,612,259.03,15.92
511161,458800,569,171.96,9.87
510817,459036,571,102.22,10.0
510068,459164,593,117.04,24.8
511159,459300,586,352.28,19.54
510170,459090,601,103.11,16.48
511159,459100,578,1026.3,16.68
510010,459450,609,479.47,15.46
509800,459444,604,36.25,15.83
510270,459110,593,97.3,19.32
510000,459442,610,334.09,19.53
511020,459042,577,1207.77,14.83
510068,459164,593,540.26,19.49
509991,459550,614,68.21,18.52
511158,459500,590,629.99,16.5
510324,459194,599,294.05,17.24
511018,459646,595,471.95,17.98
511120,459058,578,300.24,12.19
509500,459464,607,76.82,18.17
510870,459019,576,841.88,16.97
509550,459392,608,50.23,12.64
510050,459398,608,928.33,15.53
510011,459501,610,988.05,13.26
510012,459300,597,431.82,14.31
510170,459090,601,92.18,19.83
510010,459450,609,500.25,18.19
510011,459400,608,1344.87,20.02
510721,459023,578,242.97,18.02
510100,459448,608,903.74,14.48
511014,458800,566,1032.93,13.75
510011,459600,611,514.75,13.66
510923,459037,581,815.54,9.47
510122,459191,595,366.58,16.19
509992,459600,612,440.02,15.25
510921,459019,583,970.92,8.71
510011,459600,611,582.95,13.71
511120,459302,580,323.31,17.31
509820,459090,652,310.75,21.11
509990,459350,606,481.09,14.01
510824,459058,573,424.62,21.01
510011,459550,610,314.23,17.39
509968,459170,584,630.19,19.15
510370,459090,601,126.68,21.45
510168,459163,595,242.26,15.09
511020,459017,576,660.25,16.43
510011,459501,610,980.58,12.84
509550,459392,608,136.66,18.32
511021,458749,564,341.38,8.37
510921,459063,579,849.8,16.94
510270,459170,596,129.81,23.83
510521,459173,606,384.9,14.48
510011,459400,608,933.53,15.91
511020,459150,581,536.7,15.55
510571,459054,586,464.57,14.97
510011,459400,608,904.66,15.19
511160,459200,578,1388.4,18.21
511161,458800,569,991.17,16.34
509970,459110,625,417.81,13.43
511120,459302,580,647.04,18.05
510011,459501,610,999.6,18.31
510000,459442,610,1055.95,13.97
510569,459039,586,108.14,22.34
509870,459169,591,206.99,19.6
510521,459173,606,400.22,14.29
511124,459154,577,397.87,15.11
510010,459450,609,1073.11,14.79
510122,459191,595,170.76,23.35
511160,459200,578,1412.87,17.22
511073,459060,579,1072.48,16.81
510270,459090,600,46.53,24.6
510220,459110,593,22.57,25.47
511022,459402,590,353.24,14.38
511013,458849,567,756.11,17.22
509991,459800,612,37.35,19.48
510921,459019,583,970.93,8.74
509989,459650,611,62.93,23.74
510220,459110,593,74.52,25.89
509870,459169,591,193.49,16.8
511125,459201,579,776.52,17.99
510011,459501,610,1031.6,13.75
511124,459154,577,366.05,12.29
509991,459500,612,235.98,17.47
510000,459398,610,358.02,16.39
509550,459458,620,63.77,19.86
509750,459447,603,72.59,24.24
510969,459060,579,697.78,18.35
510021,459192,599,733.15,18.4
511162,458951,572,624.73,16.16
511020,459017,576,433.31,20.91
510120,459110,592,98.17,18.29
510000,459398,610,415.62,14.04
511470,459040,568,1449.93,8.99
509968,459170,584,671.83,15.56
510872,459059,578,730.4,18.66
511159,459300,586,353.49,19.61
511160,459450,587,636.63,15.96
510570,459110,593,244.45,19.55
511123,458802,569,330.39,14.39
510010,459450,609,997.78,13.74
510719,459039,575,625.52,15.74
509875,459190,595,96.39,13.72
510220,459110,593,76.82,16.29
511158,459401,586,1031.37,17.44
509820,459090,652,121.3,25.96
510050,459398,608,457.04,12.73
510010,459450,609,647.03,15.86
510921,459019,583,1027.62,16.61
511123,458802,569,633.82,13.63
511124,459550,585,514.33,16.72
511129,459400,579,731.15,17.72
509992,459199,594,625.21,14.72
510622,459038,581,1099.49,16.33
509820,459110,624,55.39,28.35
509824,459167,594,24.52,2.43
510021,459192,599,732.87,18.39
510150,459400,603,911.78,13.82
509990,459700,613,777.9,20.63
510817,459036,571,491.39,21.17
509925,459165,583,512.56,13.98
510011,459501,610,772.74,15.29
511013,459451,592,469.67,16.54
509925,459165,583,122.12,12.96
510120,459090,607,20.04,20.37
510070,459090,607,56.97,12.08
509550,459392,608,50.61,12.69
509601,459395,602,48.15,17.6
511010,458997,574,997.2,13.76
510571,459054,586,117.22,21.83
510012,459350,604,605.46,15.2
510676,459019,581,192.33,13.86
511017,459499,590,438.57,15.64
509990,459350,606,495.79,14.09
511126,459100,577,777.99,17.55
509820,459090,652,193.21,20.11
509500,459464,607,42.12,26.2
509870,459110,625,33.74,6.13
509850,459441,600,47.35,18.7
509767,459169,595,61.07,17.06
509775,459194,600,77.17,20.66
509850,459441,600,86.27,25.23
511013,458849,567,203.95,8.48
510120,459165,601,74.72,26.09
509700,459396,601,173.72,17.87
510817,459036,571,102.37,11.25
511011,458949,574,735.08,9.64
509992,459600,612,63.77,19.04
509992,459199,594,800.78,16.62
510020,459090,632,43.47,19.75
510120,459165,601,265.45,17.56
511124,459550,585,522.97,18.6
511011,458949,574,737.69,12.28
511013,459451,592,831.78,16.39
509993,459450,610,426.05,15.85
510011,459501,610,325.01,18.14
510722,459057,581,342.03,17.16
511014,458800,566,835.18,17.84
510324,459194,599,293.78,17.19
510821,459023,568,245.16,12.17
509750,459395,602,154.61,17.96
510670,459057,581,359.61,14.69
509991,459250,600,238.49,14.14
510350,459404,599,1258.91,15.18
509991,459400,608,826.14,14.13
510719,459039,575,275.25,15.43
509850,459400,600,89.62,28.54
509823,459192,598,307.72,14.05
510012,459350,604,251.89,14.87
509750,459447,603,88.12,18.58
511270,459038,568,1011.07,13.31
510021,459192,599,125.13,21.26
510012,459350,604,1012.83,18.27
511121,459014,576,416.28,13.36
510670,459057,581,109.63,18.97
509750,459447,603,34.11,24.89
511120,459058,578,1057.15,17.18
509550,459458,620,85.46,14.13
509993,459450,610,386.98,16.59
509550,459392,608,135.65,18.3
511170,459037,574,702.42,15.52
511129,459001,572,769.5,12.3
510300,459448,602,1301.58,14.31
509750,459395,602,154.82,17.93
509991,459250,600,272.0,14.7
509970,459090,630,311.48,13.29
510012,459350,604,514.65,13.9
509870,459110,625,193.61,21.26
510870,459035,578,665.49,12.05
509974,459190,595,487.72,15.09
511010,458900,569,751.19,11.49
510100,459398,604,1727.09,16.94
511010,458997,574,518.33,16.37
511020,459017,576,663.11,13.61
510249,459448,603,904.76,15.77
511016,459050,576,684.25,12.15
510010,459700,613,133.28,24.9
510824,459058,573,647.2,13.71
510220,459188,596,202.79,13.47
510722,459057,581,321.82,13.42
511010,458997,574,694.67,12.47
510170,459090,601,20.39,21.12
510571,459017,583,1428.54,15.85
511160,459200,578,645.34,17.32
511020,459017,576,660.91,16.62
510250,459399,602,1998.11,17.6
509991,459250,600,462.61,15.59
509700,459452,605,43.47,22.78
510870,459035,578,919.95,9.22
509990,459350,606,427.38,13.8
510068,459164,593,307.55,15.94
510010,459450,609,805.43,15.21
511125,458850,568,1030.07,13.15
510324,459172,599,205.77,20.11
510170,459110,593,195.41,17.55
510324,459194,599,199.15,18.72
510150,459400,603,1392.88,17.94
509991,459400,608,502.83,16.65
510000,459398,610,256.14,24.22
510319,459110,593,66.53,20.72
511010,458900,569,728.53,12.5
509968,459170,584,127.23,24.15
