El-array,xA(m),xB(m),xM(m),xN(m),Rho (Ohm.m),Dev.,M (mV/V),SP (mV) ,VMN (mV),IAB (mA),LAT,LON,AB/2,MN/2,h,POS
Schlum. VES,0,45,15,30,3270.62,2.57,11.55,28.01,14.185,0.409,4.707200127,12.34385219,22.5,7.5,8.55,60
Schlum. VES,0,105,45,60,2253.09,1.93,11.51,30.33,15.03,3.772,4.707200127,12.34385219,52.5,7.5,19.95,150
Schlum. VES,0,165,75,90,3721.48,0.6,14.04,79.01,15.159,5.759,4.707200127,12.34385219,82.5,7.5,31.35,240
Schlum. VES,0,195,90,105,3184.34,3.7,13.46,-44.89,15.403,9.573,4.707200127,12.34385219,97.5,7.5,37.05,285
Schlum. VES,0,225,105,120,4116.99,1.59,9.78,45.46,15.245,9.772,4.707200127,12.34385219,112.5,7.5,42.75,330
Schlum. VES,0,255,120,135,5245.51,0.72,10.44,85.08,15.173,9.815,4.707200127,12.34385219,127.5,7.5,48.45,375
Schlum. VES,0,285,135,150,4282.74,2.42,11.76,-49.76,15.646,15.494,4.707200127,12.34385219,142.5,7.5,54.15,420
Schlum. VES,0,315,150,165,5465.39,5.22,13.43,-29.18,15.417,14.622,4.707200127,12.34385219,157.5,7.5,59.85,465
Schlum. VES,0,345,165,180,4353.55,1.91,9.61,-7.59,15.46,22.089,4.707200127,12.34385219,172.5,7.5,65.55,510
Schlum. VES,0,375,180,195,5257.61,5.29,13.08,-22.58,15.696,21.947,4.707200127,12.34385219,187.5,7.5,71.25,555
Schlum. VES,0,405,195,210,5937.62,2.3,10.12,22.22,15.489,22.372,4.707200127,12.34385219,202.5,7.5,76.95,600
Schlum. VES,0,435,210,225,5432.6,3.44,12.46,-11.38,15.474,28.188,4.707200127,12.34385219,217.5,7.5,82.65,645
Schlum. VES,0,465,225,240,5844.78,6.02,10.96,-19.39,15.474,29.943,4.707200127,12.34385219,232.5,7.5,88.35,690
Schlum. VES,0,495,240,255,7009.95,2.61,8.54,17.31,15.36,28.085,4.707200127,12.34385219,247.5,7.5,94.05,735
Schlum. VES,15,60,30,45,2874.51,7.87,14.54,-19.62,13.698,0.449,4.706452712,12.3439071,22.5,7.5,8.55,75
Schlum. VES,15,120,60,75,2897.87,5.12,15.73,-48.91,15.037,2.934,4.706452712,12.3439071,52.5,7.5,19.95,165
Schlum. VES,15,150,75,90,3332.8,0.45,15.05,128.8,15.087,4.267,4.706452712,12.3439071,67.5,7.5,25.65,210
Schlum. VES,15,180,90,105,2797.89,4.3,13.62,-80.51,15.302,7.732,4.706452712,12.3439071,82.5,7.5,31.35,255
Schlum. VES,15,210,105,120,3664.19,0.91,10.46,107.79,15.145,8.18,4.706452712,12.3439071,97.5,7.5,37.05,300
Schlum. VES,15,240,120,135,4830.69,3.01,13.2,-29.06,15.331,8.375,4.706452712,12.3439071,112.5,7.5,42.75,345
Schlum. VES,15,270,135,150,4068.32,0.8,11.51,-7.98,15.331,12.786,4.706452712,12.3439071,127.5,7.5,48.45,390
Schlum. VES,15,300,150,165,5139.55,6.16,14.35,-22.1,15.353,12.669,4.706452712,12.3439071,142.5,7.5,54.15,435
Schlum. VES,15,330,165,180,4045.95,4.76,12.29,-11.0,15.484,19.838,4.706452712,12.3439071,157.5,7.5,59.85,480
Schlum. VES,15,360,180,195,4870.99,6.69,14.49,-20.35,15.775,20.145,4.706452712,12.3439071,172.5,7.5,65.55,525
Schlum. VES,15,390,195,210,5524.9,2.9,8.94,27.58,15.245,20.285,4.706452712,12.3439071,187.5,7.5,71.25,570
Schlum. VES,15,420,210,225,5092.1,4.33,13.2,-16.11,15.503,26.111,4.706452712,12.3439071,202.5,7.5,76.95,615
Schlum. VES,15,450,225,240,5505.52,5.16,11.95,-15.18,15.539,27.931,4.706452712,12.3439071,217.5,7.5,82.65,660
Schlum. VES,15,480,240,255,6608.92,4.01,6.54,7.04,15.302,26.187,4.706452712,12.3439071,232.5,7.5,88.35,705
Schlum. VES,30,75,45,60,2757.68,2.99,12.23,39.62,13.956,0.477,4.704486905,12.34404724,22.5,7.5,8.55,90
Schlum. VES,30,135,75,90,2950.44,0.65,14.84,92.7,14.615,2.801,4.704486905,12.34404724,52.5,7.5,19.95,180
Schlum. VES,30,165,90,105,2456.36,1.9,14.3,-63.07,15.159,5.816,4.704486905,12.34404724,67.5,7.5,25.65,225
Schlum. VES,30,195,105,120,3338.18,1.04,10.67,63.01,15.087,6.39,4.704486905,12.34404724,82.5,7.5,31.35,270
Schlum. VES,30,225,120,135,4360.19,0.04,12.26,-7.05,15.231,6.914,4.704486905,12.34404724,97.5,7.5,37.05,315
Schlum. VES,30,255,135,150,4107.73,0.48,10.85,14.0,15.159,9.739,4.704486905,12.34404724,112.5,7.5,42.75,360
Schlum. VES,30,285,150,165,4876.98,4.87,14.9,-33.93,15.35,10.679,4.704486905,12.34404724,127.5,7.5,48.45,405
Schlum. VES,30,315,165,180,3831.06,2.18,10.71,-0.39,15.245,16.877,4.704486905,12.34404724,142.5,7.5,54.15,450
Schlum. VES,30,345,180,195,4594.71,5.51,12.88,-32.54,15.36,17.328,4.704486905,12.34404724,157.5,7.5,59.85,495
Schlum. VES,30,375,195,210,5177.21,2.07,10.93,33.04,15.331,18.42,4.704486905,12.34404724,172.5,7.5,65.55,540
Schlum. VES,30,405,210,225,4806.96,4.9,13.33,-18.76,15.532,23.753,4.704486905,12.34404724,187.5,7.5,71.25,585
Schlum. VES,30,435,225,240,5209.53,4.82,12.86,-14.05,15.465,25.46,4.704486905,12.34404724,202.5,7.5,76.95,630
Schlum. VES,30,465,240,255,6293.22,2.25,8.2,8.11,15.374,24.176,4.704486905,12.34404724,217.5,7.5,82.65,675
Schlum. VES,30,525,270,285,7331.28,1.5,8.47,106.56,15.159,26.504,4.704486905,12.34404724,247.5,7.5,94.05,765
Schlum. VES,45,90,60,75,2931.0,6.49,14.94,-36.8,13.805,0.444,4.702244662,12.34421002,22.5,7.5,8.55,105
Schlum. VES,45,150,90,105,2296.28,4.94,15.24,-54.99,15.016,3.698,4.702244662,12.34421002,52.5,7.5,19.95,195
Schlum. VES,45,180,105,120,2965.38,4.15,9.82,34.44,14.987,4.763,4.702244662,12.34421002,67.5,7.5,25.65,240
Schlum. VES,45,210,120,135,3882.49,0.47,10.92,10.77,15.073,5.489,4.702244662,12.34421002,82.5,7.5,31.35,285
Schlum. VES,45,240,135,150,3767.46,2.2,10.99,3.25,15.13,7.949,4.702244662,12.34421002,97.5,7.5,37.05,330
Schlum. VES,45,270,150,165,4691.88,6.13,15.51,-19.83,15.367,8.643,4.702244662,12.34421002,112.5,7.5,42.75,375
Schlum. VES,45,300,165,180,3647.4,0.58,7.87,110.3,15.173,14.115,4.702244662,12.34421002,127.5,7.5,48.45,420
Schlum. VES,45,330,180,195,4337.77,5.38,14.1,-134.24,15.403,15.06,4.702244662,12.34421002,142.5,7.5,54.15,465
Schlum. VES,45,360,195,210,4893.56,3.16,10.1,24.34,15.532,16.452,4.702244662,12.34421002,157.5,7.5,59.85,510
Schlum. VES,45,390,210,225,4542.09,4.84,13.12,-13.4,15.603,21.369,4.702244662,12.34421002,172.5,7.5,65.55,555
Schlum. VES,45,420,225,240,4956.02,4.94,12.89,-18.69,15.539,23.049,4.702244662,12.34421002,187.5,7.5,71.25,600
Schlum. VES,45,450,240,255,6029.91,3.78,8.05,8.42,15.274,21.724,4.702244662,12.34421002,202.5,7.5,76.95,645
Schlum. VES,45,510,270,285,7115.61,5.52,10.74,-12.35,15.36,24.413,4.702244662,12.34421002,232.5,7.5,88.35,735
Schlum. VES,45,540,285,300,5270.25,6.02,11.67,-14.52,15.46,37.6,4.702244662,12.34421002,247.5,7.5,94.05,780
Schlum. VES,60,105,75,90,3150.64,0.52,11.94,86.2,13.741,0.411,4.702156568,12.34421438,22.5,7.5,8.55,120
Schlum. VES,60,135,90,105,2071.29,3.21,13.02,-52.03,13.913,1.899,4.702156568,12.34421438,37.5,7.5,14.25,165
Schlum. VES,60,165,105,120,2581.39,1.06,11.33,47.21,14.643,3.208,4.702156568,12.34421438,52.5,7.5,19.95,210
Schlum. VES,60,195,120,135,3476.63,0.58,12.91,-6.36,15.102,4.094,4.702156568,12.34421438,67.5,7.5,25.65,255
Schlum. VES,60,225,135,150,3333.92,0.1,10.97,22.77,15.188,6.44,4.702156568,12.34421438,82.5,7.5,31.35,300
Schlum. VES,60,255,150,165,4677.82,4.39,14.53,-38.64,15.274,6.462,4.702156568,12.34421438,97.5,7.5,37.05,345
Schlum. VES,60,285,165,180,3403.59,0.97,8.83,49.07,15.116,11.72,4.702156568,12.34421438,112.5,7.5,42.75,390
Schlum. VES,60,315,180,195,4077.16,5.52,14.19,-82.59,15.381,12.8,4.702156568,12.34421438,127.5,7.5,48.45,435
Schlum. VES,60,345,195,210,4579.31,1.92,10.36,36.61,15.288,14.159,4.702156568,12.34421438,142.5,7.5,54.15,480
Schlum. VES,60,375,210,225,4252.37,4.88,13.94,-21.98,15.403,18.776,4.702156568,12.34421438,157.5,7.5,59.85,525
Schlum. VES,60,405,225,240,4662.84,4.55,13.52,-12.51,15.345,20.471,4.702156568,12.34421438,172.5,7.5,65.55,570
Schlum. VES,60,435,240,255,5712.34,1.25,9.51,104.72,15.087,19.416,4.702156568,12.34421438,187.5,7.5,71.25,615
Schlum. VES,60,495,270,285,6801.05,2.41,8.03,13.74,15.317,22.287,4.702156568,12.34421438,217.5,7.5,82.65,705
Schlum. VES,60,525,285,300,5073.34,5.12,10.61,-14.27,15.446,34.432,4.702156568,12.34421438,232.5,7.5,88.35,750
Schlum. VES,60,555,300,315,4907.17,0.31,8.2,113.59,15.216,39.746,4.702156568,12.34421438,247.5,7.5,94.05,795
Schlum. VES,75,120,90,105,2640.13,4.69,13.77,-41.05,14.185,0.506,4.701861022,12.34423609,22.5,7.5,8.55,135
Schlum. VES,75,150,105,120,2744.32,9.85,15.82,64.79,14.522,1.496,4.701861022,12.34423609,37.5,7.5,14.25,180
Schlum. VES,75,180,120,135,3153.96,2.49,13.58,-8.81,14.586,2.615,4.701861022,12.34423609,52.5,7.5,19.95,225
Schlum. VES,75,210,135,150,2976.53,2.04,12.11,60.34,15.087,4.777,4.701861022,12.34423609,67.5,7.5,25.65,270
Schlum. VES,75,240,150,165,4258.59,4.86,15.04,-63.46,15.231,5.056,4.701861022,12.34423609,82.5,7.5,31.35,315
Schlum. VES,75,270,165,180,3257.36,3.45,8.88,3.81,15.216,9.246,4.701861022,12.34423609,97.5,7.5,37.05,360
Schlum. VES,75,300,180,195,3884.69,7.08,14.57,-42.6,15.374,10.444,4.701861022,12.34423609,112.5,7.5,42.75,405
Schlum. VES,75,330,195,210,4322.87,3.11,11.08,24.67,15.345,12.044,4.701861022,12.34423609,127.5,7.5,48.45,450
Schlum. VES,75,360,210,225,4014.44,4.21,13.06,-13.35,15.493,16.368,4.701861022,12.34423609,142.5,7.5,54.15,495
Schlum. VES,75,390,225,240,4407.99,4.84,13.12,-25.29,15.696,18.458,4.701861022,12.34423609,157.5,7.5,59.85,540
Schlum. VES,75,420,240,255,5466.0,1.74,9.01,46.08,15.403,17.528,4.701861022,12.34423609,172.5,7.5,65.55,585
Schlum. VES,75,480,270,285,6572.48,1.92,8.39,18.7,15.345,20.024,4.701861022,12.34423609,202.5,7.5,76.95,675
Schlum. VES,75,510,285,300,4909.44,1.11,8.55,96.6,15.173,30.585,4.701861022,12.34423609,217.5,7.5,82.65,720
Schlum. VES,75,540,300,315,4856.09,3.12,10.23,-41.01,15.575,36.273,4.701861022,12.34423609,232.5,7.5,88.35,765
Schlum. VES,75,570,315,330,4329.84,1.35,9.71,22.54,15.345,45.427,4.701861022,12.34423609,247.5,7.5,94.05,810
Schlum. VES,90,135,105,120,2793.18,2.24,10.01,46.91,18.727,0.632,4.696249589,12.3446437,22.5,7.5,8.55,150
Schlum. VES,90,165,120,135,2981.12,4.57,11.19,-3.5,14.29,1.355,4.696249589,12.3446437,37.5,7.5,14.25,195
Schlum. VES,90,195,135,150,2750.55,0.14,12.85,28.4,14.959,3.075,4.696249589,12.3446437,52.5,7.5,19.95,240
Schlum. VES,90,225,150,165,3786.45,6.2,14.19,23.75,15.095,3.757,4.696249589,12.3446437,67.5,7.5,25.65,285
Schlum. VES,90,255,165,180,3283.3,4.75,13.72,-30.09,15.317,6.595,4.696249589,12.3446437,82.5,7.5,31.35,330
Schlum. VES,90,285,180,195,3629.82,5.22,14.14,-56.11,15.396,8.395,4.696249589,12.3446437,97.5,7.5,37.05,375
Schlum. VES,90,315,195,210,4073.7,2.24,10.86,39.92,15.317,9.922,4.696249589,12.3446437,112.5,7.5,42.75,420
Schlum. VES,90,345,210,225,3744.15,0.1,10.66,56.22,15.274,13.841,4.696249589,12.3446437,127.5,7.5,48.45,465
Schlum. VES,90,375,225,240,4143.11,4.53,12.29,-85.62,15.546,15.914,4.696249589,12.3446437,142.5,7.5,54.15,510
Schlum. VES,90,405,240,255,5142.15,4.74,9.34,12.52,15.317,15.44,4.696249589,12.3446437,157.5,7.5,59.85,555
Schlum. VES,90,465,270,285,6306.74,0.78,9.43,127.32,15.345,17.887,4.696249589,12.3446437,187.5,7.5,71.25,645
Schlum. VES,90,495,285,300,4783.96,4.89,12.69,-57.24,15.56,27.896,4.696249589,12.3446437,202.5,7.5,76.95,690
Schlum. VES,90,525,300,315,4707.54,3.86,10.92,-13.41,15.474,32.53,4.696249589,12.3446437,217.5,7.5,82.65,735
Schlum. VES,90,555,315,330,4251.15,0.97,9.13,41.11,15.374,40.901,4.696249589,12.3446437,232.5,7.5,88.35,780
Schlum. VES,90,585,330,345,3426.16,3.26,10.9,-35.3,15.317,57.302,4.696249589,12.3446437,247.5,7.5,94.05,825
Schlum. VES,105,150,120,135,3119.62,0.18,11.09,3.51,13.755,0.416,4.695199085,12.34471804,22.5,7.5,8.55,165
Schlum. VES,105,180,135,150,2382.85,7.85,9.97,12.07,14.264,1.692,4.695199085,12.34471804,37.5,7.5,14.25,210
Schlum. VES,105,210,150,165,3282.86,5.93,15.53,-16.43,14.851,2.558,4.695199085,12.34471804,52.5,7.5,19.95,255
Schlum. VES,105,240,165,180,2816.63,0.1,10.42,63.86,14.887,4.981,4.695199085,12.34471804,67.5,7.5,25.65,300
Schlum. VES,105,270,180,195,3287.45,5.71,14.88,-102.09,15.374,6.611,4.695199085,12.34471804,82.5,7.5,31.35,345
Schlum. VES,105,300,195,210,3676.03,0.72,11.38,108.98,15.173,8.17,4.695199085,12.34471804,97.5,7.5,37.05,390
Schlum. VES,105,330,210,225,3378.71,3.74,14.38,-60.24,15.36,11.997,4.695199085,12.34471804,112.5,7.5,42.75,435
Schlum. VES,105,360,225,240,3725.09,4.58,13.8,-55.27,15.403,14.029,4.695199085,12.34471804,127.5,7.5,48.45,480
Schlum. VES,105,390,240,255,4668.0,2.29,9.54,25.98,15.274,13.877,4.695199085,12.34471804,142.5,7.5,54.15,525
Schlum. VES,105,420,255,270,9091.51,0.55,10.28,64.42,15.188,8.659,4.695199085,12.34471804,157.5,7.5,59.85,570
Schlum. VES,105,450,270,285,5911.76,4.6,11.58,-19.77,15.482,16.29,4.695199085,12.34471804,172.5,7.5,65.55,615
Schlum. VES,105,480,285,300,4470.39,5.2,12.57,-20.06,15.474,25.447,4.695199085,12.34471804,187.5,7.5,71.25,660
Schlum. VES,105,510,300,315,4428.79,1.1,8.95,1.35,15.36,29.745,4.695199085,12.34471804,202.5,7.5,76.95,705
Schlum. VES,105,540,315,330,4060.53,0.73,9.47,42.96,15.345,37.399,4.695199085,12.34471804,217.5,7.5,82.65,750
Schlum. VES,105,570,330,345,3286.91,4.21,12.3,-36.44,15.288,52.604,4.695199085,12.34471804,232.5,7.5,88.35,795
Schlum. VES,105,600,345,360,3262.04,0.79,10.9,-6.98,15.388,60.466,4.695199085,12.34471804,247.5,7.5,94.05,840
Schlum. VES,120,165,135,150,2361.92,1.77,9.73,19.11,13.884,0.554,4.695073357,12.34472676,22.5,7.5,8.55,180
Schlum. VES,120,195,150,165,3203.88,5.86,12.01,-33.43,14.708,1.298,4.695073357,12.34472676,37.5,7.5,14.25,225
Schlum. VES,120,225,165,180,2519.35,1.38,11.04,21.56,14.93,3.351,4.695073357,12.34472676,52.5,7.5,19.95,270
Schlum. VES,120,255,180,195,3239.41,5.52,12.34,6.73,14.937,4.346,4.695073357,12.34472676,67.5,7.5,25.65,315
Schlum. VES,120,285,195,210,3349.98,0.89,12.88,3.58,15.288,6.452,4.695073357,12.34472676,82.5,7.5,31.35,360
Schlum. VES,120,315,210,225,3082.38,4.42,13.39,-41.42,15.388,9.881,4.695073357,12.34472676,97.5,7.5,37.05,405
Schlum. VES,120,345,225,240,3385.09,5.74,13.24,-19.39,15.331,11.952,4.695073357,12.34472676,112.5,7.5,42.75,450
Schlum. VES,120,375,240,255,4242.26,0.06,10.47,113.31,15.173,12.136,4.695073357,12.34472676,127.5,7.5,48.45,495
Schlum. VES,120,405,255,270,8409.94,4.45,13.19,-81.35,15.331,7.731,4.695073357,12.34472676,142.5,7.5,54.15,540
Schlum. VES,120,435,270,285,5493.62,1.24,11.54,1.65,15.345,14.479,4.695073357,12.34472676,157.5,7.5,59.85,585
Schlum. VES,120,495,300,315,4216.05,0.67,9.72,-4.05,15.331,26.732,4.695073357,12.34472676,187.5,7.5,71.25,675
Schlum. VES,120,525,315,330,3869.44,0.72,9.31,50.62,15.302,33.918,4.695073357,12.34472676,202.5,7.5,76.95,720
Schlum. VES,120,555,330,345,3164.64,0.37,10.03,91.2,15.016,46.955,4.695073357,12.34472676,217.5,7.5,82.65,765
Schlum. VES,120,585,345,360,3182.18,3.91,12.28,-130.29,15.503,55.099,4.695073357,12.34472676,232.5,7.5,88.35,810
Schlum. VES,120,615,360,375,2970.42,1.35,9.25,76.31,15.259,65.846,4.695073357,12.34472676,247.5,7.5,94.05,855
Schlum. VES,135,210,165,180,2460.52,8.01,9.94,1.93,14.249,1.637,4.694960117,12.3447421,37.5,7.5,14.25,240
Schlum. VES,135,240,180,195,2958.98,7.64,14.17,-30.14,14.643,2.798,4.694960117,12.3447421,52.5,7.5,19.95,285
Schlum. VES,135,270,195,210,3122.35,0.01,11.82,95.7,15.045,4.541,4.694960117,12.3447421,67.5,7.5,25.65,330
Schlum. VES,135,300,210,225,2851.56,3.62,13.79,-80.27,15.388,7.629,4.694960117,12.3447421,82.5,7.5,31.35,375
Schlum. VES,135,330,225,240,3077.69,1.92,10.49,78.76,15.202,9.776,4.694960117,12.3447421,97.5,7.5,37.05,420
Schlum. VES,135,360,240,255,3922.84,4.97,13.12,-41.16,15.379,10.346,4.694960117,12.3447421,112.5,7.5,42.75,465
Schlum. VES,135,390,255,270,7760.37,4.35,12.13,-44.91,15.36,6.715,4.694960117,12.3447421,127.5,7.5,48.45,510
Schlum. VES,135,420,270,285,5125.97,1.69,9.81,18.74,15.202,12.578,4.694960117,12.3447421,142.5,7.5,54.15,555
Schlum. VES,135,450,285,300,3980.05,3.42,12.48,-9.96,15.331,19.967,4.694960117,12.3447421,157.5,7.5,59.85,600
Schlum. VES,135,480,300,315,3998.68,0.88,8.81,8.3,15.446,24.027,4.694960117,12.3447421,172.5,7.5,65.55,645
Schlum. VES,135,510,315,330,3725.06,1.39,8.63,42.22,15.403,30.397,4.694960117,12.3447421,187.5,7.5,71.25,690
Schlum. VES,135,540,330,345,3076.25,0.76,9.76,20.22,15.188,42.343,4.694960117,12.3447421,202.5,7.5,76.95,735
Schlum. VES,135,570,345,360,3086.71,0.18,10.06,38.89,15.259,48.922,4.694960117,12.3447421,217.5,7.5,82.65,780
Schlum. VES,135,600,360,375,2936.77,2.48,10.72,-14.96,15.489,59.648,4.694960117,12.3447421,232.5,7.5,88.35,825
Schlum. VES,135,630,375,390,2702.46,0.33,10.15,85.64,15.087,71.56,4.694960117,12.3447421,247.5,7.5,94.05,870
Schlum. VES,150,195,165,180,2566.09,3.65,9.85,7.14,13.956,0.513,4.694850566,12.3447421,22.5,7.5,8.55,210
Schlum. VES,150,225,180,195,2704.84,3.61,12.79,-44.19,14.5,1.516,4.694850566,12.3447421,37.5,7.5,14.25,255
Schlum. VES,150,255,195,210,3151.28,1.69,11.97,57.4,14.457,2.594,4.694850566,12.3447421,52.5,7.5,19.95,300
Schlum. VES,150,285,210,225,2523.05,2.75,13.53,-50.58,15.216,5.684,4.694850566,12.3447421,67.5,7.5,25.65,345
Schlum. VES,150,315,225,240,2751.61,1.13,10.75,14.57,15.216,7.818,4.694850566,12.3447421,82.5,7.5,31.35,390
Schlum. VES,150,345,240,255,3485.47,4.37,12.88,-11.57,15.322,8.7,4.694850566,12.3447421,97.5,7.5,37.05,435
Schlum. VES,150,375,255,270,6893.47,5.03,12.01,-19.92,15.231,5.831,4.694850566,12.3447421,112.5,7.5,42.75,480
Schlum. VES,150,405,270,285,4657.94,0.96,11.49,3.05,15.388,11.209,4.694850566,12.3447421,127.5,7.5,48.45,525
Schlum. VES,150,435,285,300,3632.94,1.63,9.8,3.64,15.188,17.73,4.694850566,12.3447421,142.5,7.5,54.15,570
Schlum. VES,150,465,300,315,3729.49,0.74,10.27,-4.58,15.517,21.568,4.694850566,12.3447421,157.5,7.5,59.85,615
Schlum. VES,150,495,315,330,3497.71,0.84,9.53,54.48,15.345,27.29,4.694850566,12.3447421,172.5,7.5,65.55,660
Schlum. VES,150,525,330,345,2902.13,0.42,10.35,99.74,15.002,38.0,4.694850566,12.3447421,187.5,7.5,71.25,705
Schlum. VES,150,555,345,360,2967.18,3.29,10.72,-96.81,15.517,44.852,4.694850566,12.3447421,202.5,7.5,76.95,750
Schlum. VES,150,585,360,375,2832.52,1.16,8.06,131.2,15.159,52.962,4.694850566,12.3447421,217.5,7.5,82.65,795
Schlum. VES,150,615,375,390,2630.89,1.57,10.83,-36.02,15.231,65.474,4.694850566,12.3447421,232.5,7.5,88.35,840
Schlum. VES,150,645,390,405,2502.61,2.3,11.62,-72.04,15.345,78.595,4.694850566,12.3447421,247.5,7.5,94.05,885
Schlum. VES,165,210,180,195,3002.92,7.5,14.12,-35.73,13.655,0.429,4.694731962,12.3447509,22.5,7.5,8.55,225
Schlum. VES,165,240,195,210,3117.74,7.93,14.76,70.73,14.085,1.277,4.694731962,12.3447509,37.5,7.5,14.25,270
Schlum. VES,165,270,210,225,2437.54,4.63,14.76,-49.22,14.901,3.457,4.694731962,12.3447509,52.5,7.5,19.95,315
Schlum. VES,165,300,225,240,2541.64,3.43,11.91,64.0,14.944,5.542,4.694731962,12.3447509,67.5,7.5,25.65,360
Schlum. VES,165,330,240,255,3135.8,4.83,14.38,-48.27,15.159,6.834,4.694731962,12.3447509,82.5,7.5,31.35,405
Schlum. VES,165,360,255,270,6240.6,4.76,13.11,-33.56,15.064,4.777,4.694731962,12.3447509,97.5,7.5,37.05,450
Schlum. VES,165,390,270,285,4200.69,1.64,10.24,21.51,15.216,9.559,4.694731962,12.3447509,112.5,7.5,42.75,495
Schlum. VES,165,420,285,300,3401.54,4.88,13.1,-9.06,15.274,15.235,4.694731962,12.3447509,127.5,7.5,48.45,540
Schlum. VES,165,450,300,315,3509.85,0.88,9.55,10.45,15.331,18.525,4.694731962,12.3447509,142.5,7.5,54.15,585
Schlum. VES,165,480,315,330,3305.22,0.32,10.76,154.99,15.202,23.842,4.694731962,12.3447509,157.5,7.5,59.85,630
Schlum. VES,165,510,330,345,2776.15,2.32,13.23,-68.7,15.575,34.897,4.694731962,12.3447509,172.5,7.5,65.55,675
Schlum. VES,165,540,345,360,2855.73,0.04,9.33,15.75,15.116,38.913,4.694731962,12.3447509,187.5,7.5,71.25,720
Schlum. VES,165,570,360,375,2730.89,1.28,9.61,40.29,15.374,48.283,4.694731962,12.3447509,202.5,7.5,76.95,765
Schlum. VES,165,600,375,390,2571.84,2.19,11.6,-17.11,15.231,58.605,4.694731962,12.3447509,217.5,7.5,82.65,810
Schlum. VES,165,630,390,405,2454.12,2.59,12.24,-44.59,15.216,70.124,4.694731962,12.3447509,232.5,7.5,88.35,855
Schlum. VES,165,660,405,420,2567.88,1.09,9.3,153.21,15.159,75.667,4.694731962,12.3447509,247.5,7.5,94.05,900
Schlum. VES,180,225,195,210,3216.46,3.21,9.59,49.92,18.87,0.553,4.694207339,12.34476398,22.5,7.5,8.55,240
Schlum. VES,180,255,210,225,2671.09,0.74,13.28,-36.82,14.17,1.5,4.694207339,12.34476398,37.5,7.5,14.25,285
Schlum. VES,180,285,225,240,2241.69,1.02,10.34,4.36,14.758,3.723,4.694207339,12.34476398,52.5,7.5,19.95,330
Schlum. VES,180,315,240,255,2743.71,4.44,13.9,-14.96,15.15,5.204,4.694207339,12.34476398,67.5,7.5,25.65,375
Schlum. VES,180,345,255,270,5375.16,5.51,13.32,-15.25,14.937,3.929,4.694207339,12.34476398,82.5,7.5,31.35,420
Schlum. VES,180,375,270,285,3653.64,0.85,11.55,-4.83,15.274,8.274,4.694207339,12.34476398,97.5,7.5,37.05,465
Schlum. VES,180,405,285,300,2977.09,3.45,9.6,9.26,15.145,13.425,4.694207339,12.34476398,112.5,7.5,42.75,510
Schlum. VES,180,435,300,315,3157.23,0.56,9.16,118.12,15.059,16.183,4.694207339,12.34476398,127.5,7.5,48.45,555
Schlum. VES,180,465,315,330,3030.94,2.77,11.82,-8.68,15.589,21.813,4.694207339,12.34476398,142.5,7.5,54.15,600
Schlum. VES,180,495,330,345,2558.7,0.01,9.98,29.7,15.259,30.914,4.694207339,12.34476398,157.5,7.5,59.85,645
Schlum. VES,180,525,345,360,2667.86,3.33,11.91,-77.63,15.446,36.013,4.694207339,12.34476398,172.5,7.5,65.55,690
Schlum. VES,180,555,360,375,2584.62,1.12,9.63,61.4,15.374,43.728,4.694207339,12.34476398,187.5,7.5,71.25,735
Schlum. VES,180,585,375,390,2452.95,0.27,10.48,3.75,15.202,53.153,4.694207339,12.34476398,202.5,7.5,76.95,780
Schlum. VES,180,615,390,405,2357.11,1.92,11.85,-40.52,15.302,64.245,4.694207339,12.34476398,217.5,7.5,82.65,825
Schlum. VES,180,645,405,420,2492.19,0.65,9.95,151.94,15.145,68.728,4.694207339,12.34476398,232.5,7.5,88.35,870
Schlum. VES,180,675,420,435,3037.63,2.75,11.46,-46.57,15.36,64.812,4.694207339,12.34476398,247.5,7.5,94.05,915
Schlum. VES,195,240,210,225,3004.91,4.66,13.85,-27.65,13.946,0.437,4.693919839,12.34481217,22.5,7.5,8.55,255
Schlum. VES,195,300,240,255,2521.66,5.86,14.35,-18.78,15.023,3.369,4.693919839,12.34481217,52.5,7.5,19.95,345
Schlum. VES,195,330,255,270,4652.27,0.52,11.38,28.43,14.758,2.99,4.693919839,12.34481217,67.5,7.5,25.65,390
Schlum. VES,195,360,270,285,3177.62,5.26,13.18,-26.46,15.295,6.805,4.693919839,12.34481217,82.5,7.5,31.35,435
Schlum. VES,195,390,285,300,2639.83,0.11,10.43,85.78,15.173,11.376,4.693919839,12.34481217,97.5,7.5,37.05,480
Schlum. VES,195,420,300,315,2877.19,2.75,11.58,-28.89,15.517,14.232,4.693919839,12.34481217,112.5,7.5,42.75,525
Schlum. VES,195,450,315,330,2771.15,1.58,10.12,17.14,15.374,18.824,4.693919839,12.34481217,127.5,7.5,48.45,570
Schlum. VES,195,480,330,345,2367.13,1.0,11.84,0.92,15.417,27.622,4.693919839,12.34481217,142.5,7.5,54.15,615
Schlum. VES,195,510,345,360,2470.01,0.84,9.67,62.71,14.887,31.242,4.693919839,12.34481217,157.5,7.5,59.85,660
Schlum. VES,195,540,360,375,2445.76,1.95,11.06,-14.73,15.532,39.502,4.693919839,12.34481217,172.5,7.5,65.55,705
Schlum. VES,195,570,375,390,2323.22,0.16,11.49,-1.6,15.216,48.149,4.693919839,12.34481217,187.5,7.5,71.25,750
Schlum. VES,195,600,390,405,2259.44,2.83,12.24,-30.32,15.102,57.325,4.693919839,12.34481217,202.5,7.5,76.95,795
Schlum. VES,195,630,405,420,2409.33,1.03,10.6,147.59,15.202,62.441,4.693919839,12.34481217,217.5,7.5,82.65,840
Schlum. VES,195,660,420,435,2957.65,3.18,12.92,-52.23,15.202,58.131,4.693919839,12.34481217,232.5,7.5,88.35,885
Schlum. VES,195,690,435,450,2490.66,3.61,13.8,-37.51,15.102,77.718,4.693919839,12.34481217,247.5,7.5,94.05,930
Schlum. VES,210,255,225,240,3287.99,0.43,11.36,-3.45,13.626,0.391,4.693812048,12.34482097,22.5,7.5,8.55,270
Schlum. VES,210,285,240,255,2414.11,4.33,10.79,-3.38,14.462,1.694,4.693812048,12.34482097,37.5,7.5,14.25,315
Schlum. VES,210,315,255,270,4235.24,2.42,12.79,-9.38,14.342,1.915,4.693812048,12.34482097,52.5,7.5,19.95,360
Schlum. VES,210,345,270,285,2759.65,6.75,12.21,98.21,15.03,5.133,4.693812048,12.34482097,67.5,7.5,25.65,405
Schlum. VES,210,375,285,300,2329.98,4.98,14.57,-42.27,15.46,9.38,4.693812048,12.34482097,82.5,7.5,31.35,450
Schlum. VES,210,405,300,315,2550.29,1.01,11.13,-8.28,15.288,11.865,4.693812048,12.34482097,97.5,7.5,37.05,495
Schlum. VES,210,435,315,330,2508.21,0.5,10.64,43.63,15.202,15.994,4.693812048,12.34482097,112.5,7.5,42.75,540
Schlum. VES,210,465,330,345,2162.68,0.9,10.45,89.38,15.188,23.827,4.693812048,12.34482097,127.5,7.5,48.45,585
Schlum. VES,210,495,345,360,2302.98,2.68,11.5,-90.51,15.56,28.656,4.693812048,12.34482097,142.5,7.5,54.15,630
Schlum. VES,210,525,360,375,2267.18,1.74,9.92,37.11,15.46,35.347,4.693812048,12.34482097,157.5,7.5,59.85,675
Schlum. VES,210,555,375,390,2198.96,0.43,10.02,9.13,15.345,43.409,4.693812048,12.34482097,172.5,7.5,65.55,720
Schlum. VES,210,585,390,405,2171.59,2.04,11.95,-34.85,15.431,52.239,4.693812048,12.34482097,187.5,7.5,71.25,765
Schlum. VES,210,615,405,420,2327.54,0.78,10.79,151.68,15.245,56.175,4.693812048,12.34482097,202.5,7.5,76.95,810
Schlum. VES,210,645,420,435,2880.77,2.8,11.82,-50.25,15.388,52.862,4.693812048,12.34482097,217.5,7.5,82.65,855
Schlum. VES,210,675,435,450,2410.1,4.02,13.05,-47.4,15.317,71.876,4.693812048,12.34482097,232.5,7.5,88.35,900
Schlum. VES,210,705,450,465,3290.9,4.63,13.4,-115.22,15.474,60.271,4.693812048,12.34482097,247.5,7.5,94.05,945
Schlum. VES,225,270,240,255,2455.24,1.41,10.85,2.21,13.784,0.529,4.693698892,12.34483195,22.5,7.5,8.55,285
Schlum. VES,225,300,255,270,3887.31,1.66,13.38,-15.22,14.142,1.029,4.693698892,12.34483195,37.5,7.5,14.25,330
Schlum. VES,225,330,270,285,2346.28,1.64,10.1,27.95,14.83,3.574,4.693698892,12.34483195,52.5,7.5,19.95,375
Schlum. VES,225,360,285,300,1973.95,3.53,12.54,-10.56,15.317,7.313,4.693698892,12.34483195,67.5,7.5,25.65,420
Schlum. VES,225,390,300,315,2193.7,0.81,9.62,9.31,15.288,9.852,4.693698892,12.34483195,82.5,7.5,31.35,465
Schlum. VES,225,420,315,330,2219.98,2.26,10.55,28.8,15.274,13.617,4.693698892,12.34483195,97.5,7.5,37.05,510
Schlum. VES,225,450,330,345,1944.66,0.13,11.73,28.14,15.302,20.766,4.693698892,12.34483195,112.5,7.5,42.75,555
Schlum. VES,225,480,345,360,2077.51,2.95,12.09,-63.32,15.532,25.366,4.693698892,12.34483195,127.5,7.5,48.45,600
Schlum. VES,225,510,360,375,2068.0,0.79,10.07,78.69,15.274,31.324,4.693698892,12.34483195,142.5,7.5,54.15,645
Schlum. VES,225,540,375,390,2044.89,0.2,11.48,-0.87,15.532,39.371,4.693698892,12.34483195,157.5,7.5,59.85,690
Schlum. VES,225,570,390,405,2022.2,2.4,10.21,-23.53,15.546,47.82,4.693698892,12.34483195,172.5,7.5,65.55,735
Schlum. VES,225,600,405,420,2198.25,1.43,10.09,142.09,15.36,51.366,4.693698892,12.34483195,187.5,7.5,71.25,780
Schlum. VES,225,630,420,435,2749.14,2.76,10.28,-49.6,15.288,47.695,4.693698892,12.34483195,202.5,7.5,76.95,825
Schlum. VES,225,660,435,450,2318.3,3.13,12.37,-31.12,15.331,65.443,4.693698892,12.34483195,217.5,7.5,82.65,870
Schlum. VES,225,690,450,465,3205.63,4.94,14.11,-120.73,15.388,54.292,4.693698892,12.34483195,232.5,7.5,88.35,915
Schlum. VES,225,720,465,480,2704.54,1.92,9.26,42.83,15.546,73.677,4.693698892,12.34483195,247.5,7.5,94.05,960
Schlum. VES,240,285,255,270,3655.26,4.86,9.98,-12.11,13.504,0.348,4.693249622,12.34488241,22.5,7.5,8.55,300
Schlum. VES,240,315,270,285,2140.93,9.89,7.95,5.92,14.321,1.891,4.693249622,12.34488241,37.5,7.5,14.25,345
Schlum. VES,240,345,285,300,1722.5,1.33,9.81,1.5,14.901,4.892,4.693249622,12.34488241,52.5,7.5,19.95,390
Schlum. VES,240,375,300,315,1900.27,3.77,10.81,90.38,15.002,7.44,4.693249622,12.34488241,67.5,7.5,25.65,435
Schlum. VES,240,405,315,330,1941.68,1.97,12.75,-22.52,15.274,11.121,4.693249622,12.34488241,82.5,7.5,31.35,480
Schlum. VES,240,435,330,345,1720.93,2.46,13.21,-14.26,15.288,17.582,4.693249622,12.34488241,97.5,7.5,37.05,525
Schlum. VES,240,465,345,360,1852.25,4.74,12.06,-28.1,15.331,21.842,4.693249622,12.34488241,112.5,7.5,42.75,570
Schlum. VES,240,495,360,375,1873.2,1.72,9.61,66.15,15.288,27.691,4.693249622,12.34488241,127.5,7.5,48.45,615
Schlum. VES,240,525,375,390,1855.85,0.13,10.75,10.06,15.231,34.807,4.693249622,12.34488241,142.5,7.5,54.15,660
Schlum. VES,240,555,390,405,1875.17,1.89,10.89,-33.4,15.302,42.301,4.693249622,12.34488241,157.5,7.5,59.85,705
Schlum. VES,240,585,405,420,2070.12,0.49,10.36,151.96,15.216,45.723,4.693249622,12.34488241,172.5,7.5,65.55,750
Schlum. VES,240,615,420,435,2608.48,2.24,12.52,-50.06,15.36,43.287,4.693249622,12.34488241,187.5,7.5,71.25,795
Schlum. VES,240,645,435,450,2224.34,4.41,13.43,-41.12,15.03,57.953,4.693249622,12.34488241,202.5,7.5,76.95,840
Schlum. VES,240,675,450,465,3047.53,4.28,13.9,-126.49,15.532,50.435,4.693249622,12.34488241,217.5,7.5,82.65,885
Schlum. VES,240,705,465,480,2661.11,1.26,9.67,62.61,15.002,63.757,4.693249622,12.34488241,232.5,7.5,88.35,930
Schlum. VES,255,300,270,285,2223.15,3.44,7.17,12.91,13.612,0.577,4.692689041,12.34491309,22.5,7.5,8.55,315
Schlum. VES,255,330,285,300,1659.24,3.26,11.73,-3.5,14.457,2.464,4.692689041,12.34491309,37.5,7.5,14.25,360
Schlum. VES,255,360,300,315,1773.54,0.06,10.52,35.72,14.987,4.779,4.692689041,12.34491309,52.5,7.5,19.95,405
Schlum. VES,255,390,315,330,1745.11,2.56,11.68,5.32,15.317,8.272,4.692689041,12.34491309,67.5,7.5,25.65,450
Schlum. VES,255,420,330,345,1550.75,2.29,12.09,-0.1,15.288,13.937,4.692689041,12.34491309,82.5,7.5,31.35,495
Schlum. VES,255,450,345,360,1684.96,2.63,12.32,-47.8,15.532,18.244,4.692689041,12.34491309,97.5,7.5,37.05,540
Schlum. VES,255,480,360,375,1687.83,0.09,10.2,90.61,15.331,23.97,4.692689041,12.34491309,112.5,7.5,42.75,585
Schlum. VES,255,510,375,390,1689.37,0.08,10.98,-4.7,15.374,30.877,4.692689041,12.34491309,127.5,7.5,48.45,630
Schlum. VES,255,540,390,405,1741.3,3.12,11.71,-17.09,15.259,37.166,4.692689041,12.34491309,142.5,7.5,54.15,675
Schlum. VES,255,570,405,420,1928.52,1.91,10.58,138.35,15.46,41.555,4.692689041,12.34491309,157.5,7.5,59.85,720
Schlum. VES,255,600,420,435,2470.45,3.04,11.25,-44.66,15.288,38.494,4.692689041,12.34491309,172.5,7.5,65.55,765
Schlum. VES,255,630,435,450,2133.86,2.98,12.69,-42.55,15.575,53.656,4.692689041,12.34491309,187.5,7.5,71.25,810
Schlum. VES,255,660,450,465,2939.82,4.68,12.59,-114.26,15.281,44.58,4.692689041,12.34491309,202.5,7.5,76.95,855
Schlum. VES,255,690,465,480,2609.33,2.08,9.67,35.3,15.36,58.252,4.692689041,12.34491309,217.5,7.5,82.65,900
Schlum. VES,255,720,480,495,2686.33,0.72,9.09,32.78,15.188,63.942,4.692689041,12.34491309,232.5,7.5,88.35,945
Schlum. VES,270,315,285,300,2202.64,1.62,10.68,1.16,13.798,0.59,4.692586614,12.34490647,22.5,7.5,8.55,330
Schlum. VES,270,345,300,315,2251.1,9.58,8.15,8.83,14.321,1.799,4.692586614,12.34490647,37.5,7.5,14.25,375
Schlum. VES,270,375,315,330,1928.42,0.37,10.76,37.3,15.002,4.399,4.692586614,12.34490647,52.5,7.5,19.95,420
Schlum. VES,270,405,330,345,1579.29,3.43,11.97,45.21,15.259,9.106,4.692586614,12.34490647,67.5,7.5,25.65,465
Schlum. VES,270,435,345,360,1661.07,2.86,11.93,-82.46,15.374,13.085,4.692586614,12.34490647,82.5,7.5,31.35,510
Schlum. VES,270,465,360,375,1632.9,2.17,9.96,63.17,15.503,18.791,4.692586614,12.34490647,97.5,7.5,37.05,555
Schlum. VES,270,495,375,390,1632.64,0.25,11.12,16.25,15.317,24.757,4.692586614,12.34490647,112.5,7.5,42.75,600
Schlum. VES,270,525,390,405,1676.72,1.76,12.35,-36.26,15.417,31.197,4.692586614,12.34490647,127.5,7.5,48.45,645
Schlum. VES,270,555,405,420,1894.09,0.47,10.52,158.66,15.259,34.168,4.692586614,12.34490647,142.5,7.5,54.15,690
Schlum. VES,270,585,420,435,2443.18,2.27,12.49,-62.63,15.431,32.74,4.692586614,12.34490647,157.5,7.5,59.85,735
Schlum. VES,270,615,435,450,2121.05,3.96,12.83,-32.17,15.431,45.255,4.692586614,12.34490647,172.5,7.5,65.55,780
Schlum. VES,270,645,450,465,2963.43,4.98,13.95,-127.75,15.704,38.956,4.692586614,12.34490647,187.5,7.5,71.25,825
Schlum. VES,270,675,465,480,2590.77,1.31,8.64,61.73,15.145,50.136,4.692586614,12.34490647,202.5,7.5,76.95,870
Schlum. VES,270,705,480,495,2770.87,1.74,9.12,11.84,15.474,55.266,4.692586614,12.34490647,217.5,7.5,82.65,915
Schlum. VES,285,330,300,315,2503.19,2.69,7.47,13.44,13.597,0.512,4.692143798,12.34493698,22.5,7.5,8.55,345
Schlum. VES,285,360,315,330,1915.35,9.33,6.99,30.3,14.35,2.118,4.692143798,12.34493698,37.5,7.5,14.25,390
Schlum. VES,285,390,330,345,1449.66,0.12,10.94,3.81,15.13,5.902,4.692143798,12.34493698,52.5,7.5,19.95,435
Schlum. VES,285,420,345,360,1499.91,4.9,11.32,36.65,15.102,9.489,4.692143798,12.34493698,67.5,7.5,25.65,480
Schlum. VES,285,450,360,375,1470.5,1.63,11.6,3.87,15.532,14.932,4.692143798,12.34493698,82.5,7.5,31.35,525
Schlum. VES,285,480,375,390,1434.91,0.38,11.73,-8.02,15.388,21.226,4.692143798,12.34493698,97.5,7.5,37.05,570
Schlum. VES,285,510,390,405,1494.24,2.57,11.61,-11.72,15.216,26.873,4.692143798,12.34493698,112.5,7.5,42.75,615
Schlum. VES,285,540,405,420,1727.22,1.12,9.72,132.99,15.345,30.144,4.692143798,12.34493698,127.5,7.5,48.45,660
Schlum. VES,285,570,420,435,2247.0,3.96,12.11,-44.45,15.288,28.856,4.692143798,12.34493698,142.5,7.5,54.15,705
Schlum. VES,285,600,435,450,1989.31,2.68,14.79,-46.19,15.618,40.696,4.692143798,12.34493698,157.5,7.5,59.85,750
Schlum. VES,285,630,450,465,2799.56,4.84,13.71,-104.03,15.407,34.234,4.692143798,12.34493698,172.5,7.5,65.55,795
Schlum. VES,285,660,465,480,2479.07,2.33,9.13,27.74,15.274,45.292,4.692143798,12.34493698,187.5,7.5,71.25,840
Schlum. VES,285,690,480,495,2683.57,0.78,9.12,36.36,15.202,48.585,4.692143798,12.34493698,202.5,7.5,76.95,885
Schlum. VES,285,720,495,510,3175.29,3.73,11.25,-65.06,15.288,47.646,4.692143798,12.34493698,217.5,7.5,82.65,930
Schlum. VES,300,345,315,330,2257.8,1.69,7.51,39.32,13.411,0.56,4.692040617,12.34494578,22.5,7.5,8.55,360
Schlum. VES,300,375,330,345,1416.29,2.11,10.56,-14.76,14.729,2.94,4.692040617,12.34494578,37.5,7.5,14.25,405
Schlum. VES,300,405,345,360,1331.02,3.87,12.44,-12.62,15.173,6.446,4.692040617,12.34494578,52.5,7.5,19.95,450
Schlum. VES,300,435,360,375,1265.47,3.71,10.5,37.91,15.245,11.354,4.692040617,12.34494578,67.5,7.5,25.65,495
Schlum. VES,300,465,375,390,1227.86,0.23,11.17,15.72,15.46,17.8,4.692040617,12.34494578,82.5,7.5,31.35,540
Schlum. VES,300,495,390,405,1292.4,1.18,12.03,-38.37,15.446,23.654,4.692040617,12.34494578,97.5,7.5,37.05,585
Schlum. VES,300,525,405,420,1496.34,0.14,11.06,158.6,15.36,27.088,4.692040617,12.34494578,112.5,7.5,42.75,630
Schlum. VES,300,555,420,435,2007.11,1.83,11.34,-66.44,15.489,26.183,4.692040617,12.34494578,127.5,7.5,48.45,675
Schlum. VES,300,585,435,450,1804.95,4.29,13.69,-28.63,15.446,36.293,4.692040617,12.34494578,142.5,7.5,54.15,720
Schlum. VES,300,615,450,465,2573.41,4.4,14.39,-123.64,15.56,31.343,4.692040617,12.34494578,157.5,7.5,59.85,765
Schlum. VES,300,645,465,480,2308.09,0.92,9.03,58.32,15.317,41.279,4.692040617,12.34494578,172.5,7.5,65.55,810
Schlum. VES,300,675,480,495,2476.79,1.67,8.97,8.65,15.417,45.759,4.692040617,12.34494578,187.5,7.5,71.25,855
Schlum. VES,300,705,495,510,3052.54,4.43,11.71,-41.51,15.302,42.994,4.692040617,12.34494578,202.5,7.5,76.95,900
Schlum. VES,315,360,330,345,1979.45,4.02,10.49,-11.41,13.726,0.654,4.69193819,12.3449524,22.5,7.5,8.55,375
Schlum. VES,315,390,345,360,1495.09,3.33,10.02,-35.12,14.586,2.758,4.69193819,12.3449524,37.5,7.5,14.25,420
Schlum. VES,315,420,360,375,1242.4,0.28,10.56,70.41,15.159,6.9,4.69193819,12.3449524,52.5,7.5,19.95,465
Schlum. VES,315,450,375,390,1131.25,0.06,12.24,-8.05,15.317,12.761,4.69193819,12.3449524,67.5,7.5,25.65,510
Schlum. VES,315,480,390,405,1114.38,1.74,12.12,-11.03,15.489,19.649,4.69193819,12.3449524,82.5,7.5,31.35,555
Schlum. VES,315,510,405,420,1290.54,2.38,10.54,122.52,15.503,23.776,4.69193819,12.3449524,97.5,7.5,37.05,600
Schlum. VES,315,540,420,435,1770.28,3.41,12.76,-37.28,15.417,22.982,4.69193819,12.3449524,112.5,7.5,42.75,645
Schlum. VES,315,570,435,450,1603.76,2.67,13.91,-53.73,15.661,33.132,4.69193819,12.3449524,127.5,7.5,48.45,690
Schlum. VES,315,600,450,465,2329.59,4.97,13.27,-91.4,15.46,28.146,4.69193819,12.3449524,142.5,7.5,54.15,735
Schlum. VES,315,630,465,480,2122.26,1.31,9.75,19.72,15.46,37.761,4.69193819,12.3449524,157.5,7.5,59.85,780
Schlum. VES,315,660,480,495,2300.83,0.14,10.68,40.18,15.259,41.254,4.69193819,12.3449524,172.5,7.5,65.55,825
Schlum. VES,315,690,495,510,2883.28,3.65,11.91,-68.32,15.503,39.527,4.69193819,12.3449524,187.5,7.5,71.25,870
Schlum. VES,315,720,510,525,2716.61,1.27,8.85,2.12,15.345,48.447,4.69193819,12.3449524,202.5,7.5,76.95,915
Schlum. VES,330,375,345,360,2218.54,4.39,9.79,-26.78,13.402,0.569,4.691422535,12.34499188,22.5,7.5,8.55,390
Schlum. VES,330,405,360,375,1392.46,4.72,11.93,93.13,14.624,2.969,4.691422535,12.34499188,37.5,7.5,14.25,435
Schlum. VES,330,435,375,390,1118.39,1.97,12.86,-15.99,15.216,7.694,4.691422535,12.34499188,52.5,7.5,19.95,480
Schlum. VES,330,465,390,405,1011.36,2.66,11.77,75.02,15.159,14.127,4.691422535,12.34499188,67.5,7.5,25.65,525
Schlum. VES,330,495,405,420,1126.47,2.03,11.03,49.35,15.517,19.474,4.691422535,12.34499188,82.5,7.5,31.35,570
Schlum. VES,330,525,420,435,1519.68,1.11,12.97,-72.94,15.503,20.191,4.691422535,12.34499188,97.5,7.5,37.05,615
Schlum. VES,330,555,435,450,1416.51,4.57,13.02,-21.61,15.431,28.748,4.691422535,12.34499188,112.5,7.5,42.75,660
Schlum. VES,330,585,450,465,2094.73,4.49,13.9,-119.81,15.403,24.948,4.691422535,12.34499188,127.5,7.5,48.45,705
Schlum. VES,330,615,465,480,1920.03,0.85,9.64,57.36,15.317,33.833,4.691422535,12.34499188,142.5,7.5,54.15,750
Schlum. VES,330,645,480,495,2124.1,0.09,10.75,2.41,15.403,37.589,4.691422535,12.34499188,157.5,7.5,59.85,795
Schlum. VES,330,675,495,510,2620.57,4.55,13.66,-34.85,15.388,36.527,4.691422535,12.34499188,172.5,7.5,65.55,840
Schlum. VES,330,705,510,525,2602.89,4.08,11.73,-29.97,15.489,43.745,4.691422535,12.34499188,187.5,7.5,71.25,885
Schlum. VES,345,390,360,375,1726.52,1.47,7.84,84.79,13.382,0.731,4.691178203,12.34501158,22.5,7.5,8.55,405
Schlum. VES,345,420,375,390,1222.25,1.72,10.79,-15.52,14.801,3.424,4.691178203,12.34501158,37.5,7.5,14.25,450
Schlum. VES,345,450,390,405,1028.6,0.35,10.97,34.99,15.202,8.358,4.691178203,12.34501158,52.5,7.5,19.95,495
Schlum. VES,345,480,405,420,980.62,4.64,10.67,61.67,15.317,14.721,4.691178203,12.34501158,67.5,7.5,25.65,540
Schlum. VES,345,510,420,435,1292.83,4.04,12.68,-36.02,15.245,16.671,4.691178203,12.34501158,82.5,7.5,31.35,585
Schlum. VES,345,540,435,450,1225.77,1.9,12.9,-59.93,15.56,25.125,4.691178203,12.34501158,97.5,7.5,37.05,630
Schlum. VES,345,570,450,465,1817.84,4.92,13.07,-77.29,15.281,22.183,4.691178203,12.34501158,112.5,7.5,42.75,675
Schlum. VES,345,600,465,480,1710.7,2.36,9.79,13.97,15.446,30.634,4.691178203,12.34501158,127.5,7.5,48.45,720
Schlum. VES,345,630,480,495,1909.92,0.3,9.64,39.47,15.216,33.79,4.691178203,12.34501158,142.5,7.5,54.15,765
Schlum. VES,345,660,495,510,2396.72,3.4,12.4,-67.07,15.489,33.499,4.691178203,12.34501158,157.5,7.5,59.85,810
Schlum. VES,345,690,510,525,2404.53,1.29,9.44,1.71,15.259,39.475,4.691178203,12.34501158,172.5,7.5,65.55,855
Schlum. VES,345,720,525,540,2273.84,2.29,7.41,33.41,15.159,49.01,4.691178203,12.34501158,187.5,7.5,71.25,900
Schlum. VES,360,405,375,390,1545.34,0.99,8.3,-7.46,13.784,0.841,4.69107762,12.3450182,22.5,7.5,8.55,420
Schlum. VES,360,435,390,405,1157.94,8.88,7.95,0.39,14.822,3.619,4.69107762,12.3450182,37.5,7.5,14.25,465
Schlum. VES,360,465,405,420,979.54,0.05,11.09,105.0,15.259,8.809,4.69107762,12.3450182,52.5,7.5,19.95,510
Schlum. VES,360,495,420,435,1151.87,4.2,12.08,52.33,15.13,12.38,4.69107762,12.3450182,67.5,7.5,25.65,555
Schlum. VES,360,525,435,450,1045.55,2.1,12.64,-135.77,15.575,21.059,4.69107762,12.3450182,82.5,7.5,31.35,600
Schlum. VES,360,555,450,465,1590.19,3.34,14.14,-113.02,15.689,19.527,4.69107762,12.3450182,97.5,7.5,37.05,645
Schlum. VES,360,585,465,480,1513.57,0.37,10.8,54.89,15.302,26.68,4.69107762,12.3450182,112.5,7.5,42.75,690
Schlum. VES,360,615,480,495,1707.98,0.08,10.27,-4.37,15.403,30.598,4.69107762,12.3450182,127.5,7.5,48.45,735
Schlum. VES,360,645,495,510,2174.98,4.55,12.4,-27.42,15.417,30.063,4.69107762,12.3450182,142.5,7.5,54.15,780
Schlum. VES,360,675,510,525,2171.17,3.85,12.59,-31.77,15.474,36.945,4.69107762,12.3450182,157.5,7.5,59.85,825
Schlum. VES,360,705,525,540,2149.77,1.16,6.08,73.25,15.045,43.531,4.69107762,12.3450182,172.5,7.5,65.55,870
Schlum. VES,375,420,390,405,1576.59,0.22,8.76,2.71,13.454,0.804,4.690841334,12.3450332,22.5,7.5,8.55,435
Schlum. VES,375,450,405,420,1244.96,10.18,7.72,91.27,14.93,3.391,4.690841334,12.3450332,37.5,7.5,14.25,480
Schlum. VES,375,480,420,435,1107.1,0.42,11.17,10.62,15.259,7.794,4.690841334,12.3450332,52.5,7.5,19.95,525
Schlum. VES,375,510,435,450,921.97,4.97,12.17,8.75,15.138,15.474,4.690841334,12.3450332,67.5,7.5,25.65,570
Schlum. VES,375,540,450,465,1390.47,3.59,13.56,-177.27,15.489,15.748,4.690841334,12.3450332,82.5,7.5,31.35,615
Schlum. VES,375,570,465,480,1312.04,3.07,9.73,8.4,15.517,23.408,4.690841334,12.3450332,97.5,7.5,37.05,660
Schlum. VES,375,600,480,495,1503.81,0.09,9.56,35.28,15.417,27.054,4.690841334,12.3450332,112.5,7.5,42.75,705
Schlum. VES,375,630,495,510,1945.54,2.77,14.02,-67.37,15.618,27.236,4.690841334,12.3450332,127.5,7.5,48.45,750
Schlum. VES,375,660,510,525,1955.16,0.98,9.11,9.74,15.331,33.256,4.690841334,12.3450332,142.5,7.5,54.15,795
Schlum. VES,375,690,525,540,1990.57,2.61,6.82,29.69,15.245,39.7,4.690841334,12.3450332,157.5,7.5,59.85,840
Schlum. VES,375,720,540,555,2772.09,6.79,12.05,-56.57,15.367,34.482,4.690841334,12.3450332,172.5,7.5,65.55,885
Schlum. VES,390,435,405,420,1488.79,0.94,8.57,108.49,13.841,0.876,4.689688822,12.34511627,22.5,7.5,8.55,450
Schlum. VES,390,465,420,435,1243.39,4.21,9.23,-30.92,14.873,3.382,4.689688822,12.34511627,37.5,7.5,14.25,495
Schlum. VES,390,495,435,450,889.0,4.68,13.4,-22.55,15.388,9.788,4.689688822,12.34511627,52.5,7.5,19.95,540
Schlum. VES,390,525,450,465,1193.44,5.47,12.89,-17.29,15.216,12.017,4.689688822,12.34511627,67.5,7.5,25.65,585
Schlum. VES,390,555,465,480,1149.56,2.72,13.22,-58.79,15.388,18.924,4.689688822,12.34511627,82.5,7.5,31.35,630
Schlum. VES,390,585,480,495,1321.89,1.02,11.52,-8.44,15.317,22.933,4.689688822,12.34511627,97.5,7.5,37.05,675
Schlum. VES,390,615,495,510,1706.24,4.58,13.14,-22.6,15.345,23.734,4.689688822,12.34511627,112.5,7.5,42.75,720
Schlum. VES,390,645,510,525,1759.55,1.6,10.72,177.9,15.145,29.203,4.689688822,12.34511627,127.5,7.5,48.45,765
Schlum. VES,390,675,525,540,1776.32,3.4,10.94,-117.36,15.202,36.297,4.689688822,12.34511627,142.5,7.5,54.15,810
Schlum. VES,390,705,540,555,2596.0,5.1,12.08,-99.16,15.61,31.171,4.689688822,12.34511627,157.5,7.5,59.85,855
Schlum. VES,405,450,420,435,1828.64,3.34,10.93,-28.66,13.683,0.705,4.709388055,12.34368154,22.5,7.5,8.55,465
Schlum. VES,405,480,435,450,980.06,4.56,10.18,-55.98,15.13,4.365,4.709388055,12.34368154,37.5,7.5,14.25,510
Schlum. VES,405,510,450,465,1132.31,4.79,14.88,-43.53,15.341,7.661,4.709388055,12.34368154,52.5,7.5,19.95,555
Schlum. VES,405,540,465,480,1021.23,2.18,13.57,-38.49,15.46,14.268,4.709388055,12.34368154,67.5,7.5,25.65,600
Schlum. VES,405,570,480,495,1126.0,0.15,10.46,26.08,15.173,19.051,4.709388055,12.34368154,82.5,7.5,31.35,645
Schlum. VES,405,600,495,510,1474.89,2.52,11.71,109.12,15.159,20.342,4.709388055,12.34368154,97.5,7.5,37.05,690
Schlum. VES,405,630,510,525,1554.34,1.84,12.35,-27.45,15.374,26.102,4.709388055,12.34368154,112.5,7.5,42.75,735
Schlum. VES,405,660,525,540,1583.48,3.75,9.95,-82.43,15.403,33.003,4.709388055,12.34368154,127.5,7.5,48.45,780
Schlum. VES,405,690,540,555,2382.91,6.68,12.45,-46.47,15.267,27.172,4.709388055,12.34368154,142.5,7.5,54.15,825
Schlum. VES,405,720,555,570,2307.07,4.33,7.22,10.32,15.331,34.447,4.709388055,12.34368154,157.5,7.5,59.85,870
Schlum. VES,420,465,435,450,1495.28,4.4,11.68,-46.08,13.769,0.868,4.70930608,12.34368749,22.5,7.5,8.55,480
Schlum. VES,420,495,450,465,1377.24,2.48,11.78,-59.25,14.873,3.053,4.70930608,12.34368749,37.5,7.5,14.25,525
Schlum. VES,420,525,465,480,959.99,1.99,12.68,-8.12,15.331,9.031,4.70930608,12.34368749,52.5,7.5,19.95,570
Schlum. VES,420,555,480,495,1011.91,2.99,10.97,0.85,15.317,14.266,4.70930608,12.34368749,67.5,7.5,25.65,615
Schlum. VES,420,585,495,510,1290.11,0.42,11.34,51.8,15.173,16.627,4.70930608,12.34368749,82.5,7.5,31.35,660
Schlum. VES,420,615,510,525,1353.65,1.89,12.11,-31.28,15.331,22.416,4.70930608,12.34368749,97.5,7.5,37.05,705
Schlum. VES,420,645,525,540,1407.47,2.98,10.03,-11.1,15.116,28.342,4.70930608,12.34368749,112.5,7.5,42.75,750
Schlum. VES,420,675,540,555,2089.38,4.92,12.52,-85.95,15.274,24.803,4.70930608,12.34368749,127.5,7.5,48.45,795
Schlum. VES,420,705,555,570,2160.13,1.71,9.32,52.97,15.045,29.538,4.70930608,12.34368749,142.5,7.5,54.15,840
Schlum. VES,435,480,450,465,2017.31,4.77,11.13,-56.85,13.318,0.622,4.708423885,12.34375111,22.5,7.5,8.55,495
Schlum. VES,435,510,465,480,1133.36,6.22,9.04,4.51,14.923,3.723,4.708423885,12.34375111,37.5,7.5,14.25,540
Schlum. VES,435,540,480,495,990.07,0.9,10.45,6.08,15.231,8.699,4.708423885,12.34375111,52.5,7.5,19.95,585
Schlum. VES,435,570,495,510,1141.76,4.71,12.86,108.06,15.188,12.537,4.708423885,12.34375111,67.5,7.5,25.65,630
Schlum. VES,435,600,510,525,1193.56,2.36,13.08,-82.0,15.331,18.159,4.708423885,12.34375111,82.5,7.5,31.35,675
Schlum. VES,435,630,525,540,1242.77,4.03,11.3,-32.37,15.245,24.279,4.708423885,12.34375111,97.5,7.5,37.05,720
Schlum. VES,435,660,540,555,1859.08,6.77,12.95,-38.44,15.231,21.62,4.708423885,12.34375111,112.5,7.5,42.75,765
Schlum. VES,435,690,555,570,1989.86,0.07,8.73,235.91,15.045,25.653,4.708423885,12.34375111,127.5,7.5,48.45,810
Schlum. VES,435,720,570,585,1953.05,1.43,10.77,-45.78,15.202,33.012,4.708423885,12.34375111,142.5,7.5,54.15,855
Schlum. VES,450,495,465,480,1553.19,1.86,8.83,12.62,13.999,0.849,4.699355336,12.34440557,22.5,7.5,8.55,510
Schlum. VES,450,525,480,495,982.78,7.42,9.0,1.2,15.181,4.367,4.699355336,12.34440557,37.5,7.5,14.25,555
Schlum. VES,450,555,495,510,1047.53,0.13,11.52,47.54,15.173,8.191,4.699355336,12.34440557,52.5,7.5,19.95,600
Schlum. VES,450,585,510,525,1049.79,6.52,12.04,75.62,15.102,13.558,4.699355336,12.34440557,67.5,7.5,25.65,645
Schlum. VES,450,615,525,540,1062.81,3.88,11.81,-101.03,15.274,20.317,4.699355336,12.34440557,82.5,7.5,31.35,690
Schlum. VES,450,645,540,555,1626.66,4.99,12.87,-83.9,15.353,18.68,4.699355336,12.34440557,97.5,7.5,37.05,735
Schlum. VES,450,675,555,570,1719.64,1.27,8.42,198.69,15.059,23.109,4.699355336,12.34440557,112.5,7.5,42.75,780
Schlum. VES,450,705,570,585,1810.92,0.82,8.98,178.57,15.159,28.402,4.699355336,12.34440557,127.5,7.5,48.45,825
Schlum. VES,465,510,480,495,1577.71,1.5,9.02,6.78,13.984,0.835,4.699269086,12.34441177,22.5,7.5,8.55,525
Schlum. VES,465,540,495,510,1220.25,10.62,7.58,12.46,14.959,3.466,4.699269086,12.34441177,37.5,7.5,14.25,570
Schlum. VES,465,570,510,525,999.01,0.63,10.77,38.93,15.245,8.629,4.699269086,12.34441177,52.5,7.5,19.95,615
Schlum. VES,465,600,525,540,952.36,5.17,10.73,52.28,14.98,14.825,4.699269086,12.34441177,67.5,7.5,25.65,660
Schlum. VES,465,630,540,555,1430.23,4.86,13.37,-151.33,15.446,15.267,4.699269086,12.34441177,82.5,7.5,31.35,705
Schlum. VES,465,660,555,570,1535.34,2.63,8.68,110.46,15.231,19.634,4.699269086,12.34441177,97.5,7.5,37.05,750
Schlum. VES,465,690,570,585,1665.77,0.17,9.35,182.24,15.288,24.22,4.699269086,12.34441177,112.5,7.5,42.75,795
Schlum. VES,465,720,585,600,2070.03,1.7,9.63,15.62,15.202,24.917,4.699269086,12.34441177,127.5,7.5,48.45,840
Schlum. VES,480,525,495,510,1630.17,1.26,9.16,7.06,13.984,0.808,4.699188201,12.34441764,22.5,7.5,8.55,540
Schlum. VES,480,555,510,525,1098.13,11.6,7.38,13.5,14.994,3.861,4.699188201,12.34441764,37.5,7.5,14.25,585
Schlum. VES,480,585,525,540,908.07,0.19,11.12,33.26,15.145,9.431,4.699188201,12.34441764,52.5,7.5,19.95,630
Schlum. VES,480,615,540,555,1241.7,7.73,11.17,33.14,15.159,11.506,4.699188201,12.34441764,67.5,7.5,25.65,675
Schlum. VES,480,645,555,570,1359.78,1.83,12.0,-12.47,15.388,15.999,4.699188201,12.34441764,82.5,7.5,31.35,720
Schlum. VES,480,675,570,585,1432.45,2.18,8.95,115.94,15.202,21.005,4.699188201,12.34441764,97.5,7.5,37.05,765
Schlum. VES,480,705,585,600,1933.25,0.15,10.28,5.57,15.102,20.614,4.699188201,12.34441764,112.5,7.5,42.75,810
Schlum. VES,495,540,510,525,1621.77,1.32,8.25,15.0,14.113,0.82,4.69907823,12.34442552,22.5,7.5,8.55,555
Schlum. VES,495,600,540,555,1143.66,3.05,12.23,-1.17,15.302,7.566,4.69907823,12.34442552,52.5,7.5,19.95,645
Schlum. VES,495,630,555,570,1183.76,4.77,12.51,138.53,15.178,12.085,4.69907823,12.34442552,67.5,7.5,25.65,690
Schlum. VES,495,660,570,585,1252.56,2.92,9.45,15.13,15.274,17.239,4.69907823,12.34442552,82.5,7.5,31.35,735
Schlum. VES,495,690,585,600,1753.14,1.16,12.09,-44.25,15.259,17.227,4.69907823,12.34442552,97.5,7.5,37.05,780
Schlum. VES,495,720,600,615,1865.39,0.03,9.6,18.5,15.403,21.79,4.69907823,12.34442552,112.5,7.5,42.75,825
Schlum. VES,510,555,525,540,1342.91,1.69,8.52,20.2,14.056,0.986,4.698981252,12.34443256,22.5,7.5,8.55,570
Schlum. VES,510,585,540,555,1252.04,5.74,9.42,-31.48,14.966,3.38,4.698981252,12.34443256,37.5,7.5,14.25,615
Schlum. VES,510,615,555,570,1073.16,0.06,9.92,114.55,15.245,8.033,4.698981252,12.34443256,52.5,7.5,19.95,660
Schlum. VES,510,645,570,585,1116.29,3.21,10.61,119.64,15.173,12.811,4.698981252,12.34443256,67.5,7.5,25.65,705
Schlum. VES,510,675,585,600,1500.33,1.03,11.47,-101.54,15.36,14.473,4.698981252,12.34443256,82.5,7.5,31.35,750
Schlum. VES,510,705,600,615,1745.1,1.36,11.48,-26.72,15.302,17.355,4.698981252,12.34443256,97.5,7.5,37.05,795
Schlum. VES,525,570,540,555,1545.39,5.65,10.69,-24.17,13.941,0.85,4.698890392,12.34443909,22.5,7.5,8.55,585
Schlum. VES,525,600,555,570,1086.77,8.02,12.95,122.76,14.865,3.867,4.698890392,12.34443909,37.5,7.5,14.25,630
Schlum. VES,525,630,570,585,1003.42,1.11,10.3,81.04,15.245,8.592,4.698890392,12.34443909,52.5,7.5,19.95,675
Schlum. VES,525,660,585,600,1300.68,4.36,11.28,1.59,15.13,10.964,4.698890392,12.34443909,67.5,7.5,25.65,720
Schlum. VES,525,690,600,615,1561.15,0.34,11.72,-92.24,15.288,13.844,4.698890392,12.34443909,82.5,7.5,31.35,765
Schlum. VES,525,720,615,630,1604.6,2.72,8.52,69.41,15.216,18.769,4.698890392,12.34443909,97.5,7.5,37.05,810
Schlum. VES,540,585,555,570,1232.47,1.9,7.93,104.14,13.97,1.068,4.698791485,12.34444622,22.5,7.5,8.55,600
Schlum. VES,540,615,570,585,942.48,10.41,7.7,66.92,15.08,4.524,4.698791485,12.34444622,37.5,7.5,14.25,645
Schlum. VES,540,645,585,600,1139.13,3.2,12.48,-13.53,15.259,7.575,4.698791485,12.34444622,52.5,7.5,19.95,690
Schlum. VES,540,675,600,615,1268.56,3.32,10.81,22.62,15.159,11.263,4.698791485,12.34444622,67.5,7.5,25.65,735
Schlum. VES,540,705,615,630,1455.82,1.42,10.18,-5.6,15.288,14.846,4.698791485,12.34444622,82.5,7.5,31.35,780
Schlum. VES,555,600,570,585,1196.02,0.91,8.46,75.57,13.798,1.087,4.698687047,12.34445376,22.5,7.5,8.55,615
Schlum. VES,555,630,585,600,1125.1,4.58,10.48,-41.42,14.901,3.745,4.698687047,12.34445376,37.5,7.5,14.25,660
Schlum. VES,555,660,600,615,1103.32,0.88,10.61,16.59,15.159,7.77,4.698687047,12.34445376,52.5,7.5,19.95,705
Schlum. VES,555,690,615,630,1289.07,0.85,11.29,-9.73,15.245,11.146,4.698687047,12.34445376,67.5,7.5,25.65,750
Schlum. VES,555,720,630,645,1412.29,3.61,11.23,-100.24,15.159,15.174,4.698687047,12.34445376,82.5,7.5,31.35,795
Schlum. VES,570,615,585,600,1181.87,2.91,10.45,-37.54,13.669,1.09,4.698687047,12.34445376,22.5,7.5,8.55,630
Schlum. VES,570,645,600,615,1005.45,4.47,9.58,-7.09,14.959,4.207,4.698568275,12.34446231,37.5,7.5,14.25,675
Schlum. VES,570,675,615,630,1016.64,0.39,9.83,17.11,15.188,8.448,4.698568275,12.34446231,52.5,7.5,19.95,720
Schlum. VES,570,705,630,645,1269.25,0.07,10.42,-115.7,15.288,11.352,4.698568275,12.34446231,67.5,7.5,25.65,765
Schlum. VES,585,630,600,615,1182.87,0.55,8.61,-5.3,13.44,1.071,4.698477164,12.34446893,22.5,7.5,8.55,645
Schlum. VES,585,660,615,630,887.9,9.85,7.54,12.36,15.095,4.807,4.698477164,12.34446893,37.5,7.5,14.25,690
Schlum. VES,585,690,630,645,1073.72,3.14,12.04,-93.42,15.173,7.991,4.698477164,12.34446893,52.5,7.5,19.95,735
Schlum. VES,585,720,645,660,1276.45,4.39,10.02,218.25,15.116,11.161,4.698477164,12.34446893,67.5,7.5,25.65,780
Schlum. VES,600,645,615,630,1070.81,1.25,8.1,21.96,13.54,1.192,4.708334114,12.34375756,22.5,7.5,8.55,660
Schlum. VES,600,675,630,645,870.43,3.23,10.15,-90.93,15.087,4.901,4.708334114,12.34375756,37.5,7.5,14.25,705
Schlum. VES,600,705,645,660,1131.92,1.56,9.5,184.14,15.159,7.573,4.708334114,12.34375756,52.5,7.5,19.95,750
Schlum. VES,615,660,630,645,943.33,2.92,9.31,-80.71,13.726,1.371,4.698381443,12.34447581,22.5,7.5,8.55,675
Schlum. VES,615,720,660,675,940.88,1.26,8.68,-1.65,15.188,9.128,4.698381443,12.34447581,52.5,7.5,19.95,765
Schlum. VES,630,675,645,660,877.16,1.31,7.92,137.74,13.325,1.432,4.698291924,12.34448226,22.5,7.5,8.55,690
Schlum. VES,630,705,660,675,799.63,4.78,7.69,-5.26,15.095,5.337,4.698291924,12.34448226,37.5,7.5,14.25,735
Schlum. VES,645,690,660,675,696.53,0.38,7.69,1.19,13.483,1.824,4.698194861,12.3444893,22.5,7.5,8.55,705
Schlum. VES,660,705,675,690,493.15,2.73,6.24,84.48,14.228,2.719,4.698088998,12.34449693,22.5,7.5,8.55,720
Schlum. VES,0,45,15,30,2602.79,4.28,11.24,-82.69,13.688,0.496,4.698002748,12.34450313,22.5,7.5,8.55,60
Schlum. VES,0,75,30,45,2146.36,4.98,14.15,99.54,14.156,1.865,4.698002748,12.34450313,37.5,7.5,14.25,105
Schlum. VES,0,105,45,60,1866.13,5.22,14.02,-121.3,15.03,4.555,4.698002748,12.34450313,52.5,7.5,19.95,150
Schlum. VES,0,135,60,75,2016.36,1.74,11.22,67.28,15.073,7.045,4.698002748,12.34450313,67.5,7.5,25.65,195
Schlum. VES,0,165,75,90,2239.16,4.93,14.97,-28.54,15.388,9.716,4.698002748,12.34450313,82.5,7.5,31.35,240
Schlum. VES,0,195,90,105,2143.7,1.77,9.99,151.96,15.116,13.956,4.698002748,12.34450313,97.5,7.5,37.05,285
Schlum. VES,0,225,105,120,2382.96,3.59,13.37,-66.61,15.431,17.089,4.698002748,12.34450313,112.5,7.5,42.75,330
Schlum. VES,0,255,120,135,2770.08,3.41,10.9,-32.44,15.603,19.112,4.698002748,12.34450313,127.5,7.5,48.45,375
Schlum. VES,0,285,135,150,3426.81,4.81,11.08,-37.39,15.274,18.903,4.698002748,12.34450313,142.5,7.5,54.15,420
Schlum. VES,0,315,150,165,3809.34,4.94,8.54,11.1,15.173,20.648,4.698002748,12.34450313,157.5,7.5,59.85,465
Schlum. VES,0,345,165,180,4537.36,7.98,12.34,-20.92,15.245,20.9,4.698002748,12.34450313,172.5,7.5,65.55,510
Schlum. VES,0,375,180,195,4591.08,2.44,8.59,62.24,15.474,24.778,4.698002748,12.34450313,187.5,7.5,71.25,555
Schlum. VES,0,405,195,210,4386.82,5.92,12.53,-60.97,15.403,30.113,4.698002748,12.34450313,202.5,7.5,76.95,600
Schlum. VES,0,435,210,225,5378.88,2.3,8.97,67.08,15.345,28.232,4.698002748,12.34450313,217.5,7.5,82.65,645
Schlum. VES,0,465,225,240,5269.69,0.94,9.5,2.22,15.345,32.934,4.698002748,12.34450313,232.5,7.5,88.35,690
Schlum. VES,0,495,240,255,5819.19,1.66,9.56,68.24,15.216,33.517,4.698002748,12.34450313,247.5,7.5,94.05,735
Schlum. VES,15,60,30,45,2719.21,2.09,8.53,85.95,13.153,0.456,4.697895963,12.34451084,22.5,7.5,8.55,75
Schlum. VES,15,90,45,60,1993.32,3.13,11.31,-111.86,13.669,1.939,4.697895963,12.34451084,37.5,7.5,14.25,120
Schlum. VES,15,120,60,75,1955.54,1.14,10.32,5.69,14.901,4.309,4.697895963,12.34451084,52.5,7.5,19.95,165
Schlum. VES,15,150,75,90,2095.24,4.6,9.8,6.44,15.188,6.832,4.697895963,12.34451084,67.5,7.5,25.65,210
Schlum. VES,15,180,90,105,2005.37,0.75,10.79,78.79,15.259,10.757,4.697895963,12.34451084,82.5,7.5,31.35,255
Schlum. VES,15,210,105,120,2183.83,3.16,12.95,-9.93,15.374,13.933,4.697895963,12.34451084,97.5,7.5,37.05,300
Schlum. VES,15,240,120,135,2507.44,4.56,11.73,-17.19,15.302,16.105,4.697895963,12.34451084,112.5,7.5,42.75,345
Schlum. VES,15,270,135,150,3056.86,1.09,9.9,65.84,15.159,16.826,4.697895963,12.34451084,127.5,7.5,48.45,390
Schlum. VES,15,300,150,165,3515.05,4.99,12.36,-74.94,15.36,18.533,4.697895963,12.34451084,142.5,7.5,54.15,435
Schlum. VES,15,330,165,180,4171.61,6.51,12.49,-18.25,15.36,19.086,4.697895963,12.34451084,157.5,7.5,59.85,480
Schlum. VES,15,360,180,195,4216.05,1.06,10.3,54.68,15.188,22.408,4.697895963,12.34451084,172.5,7.5,65.55,525
Schlum. VES,15,390,195,210,4059.0,4.82,11.87,-47.58,15.439,27.961,4.697895963,12.34451084,187.5,7.5,71.25,570
Schlum. VES,15,420,210,225,4987.41,1.68,8.62,48.79,15.331,26.364,4.697895963,12.34451084,202.5,7.5,76.95,615
Schlum. VES,15,450,225,240,4976.59,1.34,9.66,39.45,15.46,30.742,4.697895963,12.34451084,217.5,7.5,82.65,660
Schlum. VES,15,480,240,255,5494.11,1.21,9.06,32.3,15.345,31.589,4.697895963,12.34451084,232.5,7.5,88.35,705
Schlum. VES,15,510,255,270,6453.05,4.19,11.25,-68.15,15.293,30.376,4.697895963,12.34451084,247.5,7.5,94.05,750
Schlum. VES,30,75,45,60,2723.23,6.99,11.44,-101.48,12.723,0.44,4.697793787,12.34451822,22.5,7.5,8.55,90
Schlum. VES,30,105,60,75,2241.47,12.21,14.2,28.28,13.884,1.751,4.697793787,12.34451822,37.5,7.5,14.25,135
Schlum. VES,30,135,75,90,2097.02,0.63,13.73,2.65,14.93,4.026,4.697793787,12.34451822,52.5,7.5,19.95,180
Schlum. VES,30,165,90,105,1976.1,4.62,12.99,121.17,15.059,7.182,4.697793787,12.34451822,67.5,7.5,25.65,225
Schlum. VES,30,195,105,120,2017.07,3.62,14.73,-35.65,15.302,10.725,4.697793787,12.34451822,82.5,7.5,31.35,270
Schlum. VES,30,225,120,135,2281.0,2.72,12.58,-40.96,15.274,13.253,4.697793787,12.34451822,97.5,7.5,37.05,315
Schlum. VES,30,255,135,150,2789.8,0.77,9.31,0.97,15.102,14.285,4.697793787,12.34451822,112.5,7.5,42.75,360
Schlum. VES,30,285,150,165,3191.91,5.2,12.64,-30.1,15.324,16.289,4.697793787,12.34451822,127.5,7.5,48.45,405
Schlum. VES,30,315,165,180,3829.5,3.24,11.69,-6.56,15.274,16.916,4.697793787,12.34451822,142.5,7.5,54.15,450
Schlum. VES,30,345,180,195,3836.86,2.21,9.05,43.4,15.159,20.48,4.697793787,12.34451822,157.5,7.5,59.85,495
Schlum. VES,30,375,195,210,3741.26,5.68,12.08,-36.93,15.431,25.657,4.697793787,12.34451822,172.5,7.5,65.55,540
Schlum. VES,30,405,210,225,4617.0,2.33,8.47,45.58,15.403,24.525,4.697793787,12.34451822,187.5,7.5,71.25,585
Schlum. VES,30,435,225,240,4685.98,0.93,10.15,35.29,15.345,28.086,4.697793787,12.34451822,202.5,7.5,76.95,630
Schlum. VES,30,465,240,255,5214.35,1.63,9.0,41.04,15.374,29.178,4.697793787,12.34451822,217.5,7.5,82.65,675
Schlum. VES,30,495,255,270,6131.81,4.89,11.17,-73.4,15.188,28.013,4.697793787,12.34451822,232.5,7.5,88.35,720
Schlum. VES,30,525,270,285,4801.39,0.22,8.15,140.16,15.002,40.048,4.697793787,12.34451822,247.5,7.5,94.05,765
Schlum. VES,45,90,60,75,2696.82,1.4,10.19,5.32,16.492,0.576,4.697695132,12.34452534,22.5,7.5,8.55,105
Schlum. VES,45,120,75,90,2134.8,12.33,7.85,22.55,14.027,1.858,4.697695132,12.34452534,37.5,7.5,14.25,150
Schlum. VES,45,150,90,105,1914.34,1.14,11.56,60.02,14.944,4.414,4.697695132,12.34452534,52.5,7.5,19.95,195
Schlum. VES,45,180,105,120,1948.09,2.33,11.95,70.52,15.13,7.32,4.697695132,12.34452534,67.5,7.5,25.65,240
Schlum. VES,45,210,120,135,2110.49,2.84,12.45,-82.52,15.202,10.183,4.697695132,12.34452534,82.5,7.5,31.35,285
Schlum. VES,45,240,135,150,2532.62,3.65,13.18,-29.59,15.331,11.981,4.697695132,12.34452534,97.5,7.5,37.05,330
Schlum. VES,45,270,150,165,2830.39,2.47,11.69,0.16,15.245,14.214,4.697695132,12.34452534,112.5,7.5,42.75,375
Schlum. VES,45,300,165,180,3471.79,6.27,12.51,-21.06,15.238,14.892,4.697695132,12.34452534,127.5,7.5,48.45,420
Schlum. VES,45,330,180,195,3489.77,1.13,9.36,58.2,15.159,18.423,4.697695132,12.34452534,142.5,7.5,54.15,465
Schlum. VES,45,360,195,210,3414.53,4.88,12.64,-59.7,15.312,23.245,4.697695132,12.34452534,157.5,7.5,59.85,510
Schlum. VES,45,390,210,225,4228.49,1.3,8.51,60.99,15.159,22.3,4.697695132,12.34452534,172.5,7.5,65.55,555
Schlum. VES,45,420,225,240,4304.12,1.48,9.6,36.49,15.374,26.258,4.697695132,12.34452534,187.5,7.5,71.25,600
Schlum. VES,45,450,240,255,4864.69,0.77,9.23,38.28,15.374,27.105,4.697695132,12.34452534,202.5,7.5,76.95,645
Schlum. VES,45,480,255,270,5754.97,4.73,11.09,-73.52,15.474,26.609,4.697695132,12.34452534,217.5,7.5,82.65,690
Schlum. VES,45,510,270,285,4560.6,0.55,8.03,73.9,15.188,37.664,4.697695132,12.34452534,232.5,7.5,88.35,735
Schlum. VES,45,540,285,300,5815.05,1.8,9.06,-4.11,15.259,33.635,4.697695132,12.34452534,247.5,7.5,94.05,780
Schlum. VES,60,105,75,90,2818.27,2.62,8.42,29.34,13.082,0.437,4.697606452,12.34453171,22.5,7.5,8.55,120
Schlum. VES,60,165,105,120,1996.64,0.82,12.23,45.91,15.002,4.249,4.697606452,12.34453171,52.5,7.5,19.95,210
Schlum. VES,60,195,120,135,1950.61,4.25,11.78,22.12,15.145,7.318,4.697606452,12.34453171,67.5,7.5,25.65,255
Schlum. VES,60,225,135,150,2300.78,3.34,13.76,-86.08,15.403,9.464,4.697606452,12.34453171,82.5,7.5,31.35,300
Schlum. VES,60,255,150,165,2572.93,4.98,13.35,-22.96,15.398,11.845,4.697606452,12.34453171,97.5,7.5,37.05,345
Schlum. VES,60,285,165,180,3091.66,1.63,9.39,-0.8,15.288,13.049,4.697606452,12.34453171,112.5,7.5,42.75,390
Schlum. VES,60,315,180,195,3170.71,2.54,8.84,34.89,15.36,16.436,4.697606452,12.34453171,127.5,7.5,48.45,435
Schlum. VES,60,345,195,210,3043.94,5.93,13.0,-33.08,15.374,21.421,4.697606452,12.34453171,142.5,7.5,54.15,480
Schlum. VES,60,375,210,225,3847.0,2.84,8.11,40.16,15.489,20.87,4.697606452,12.34453171,157.5,7.5,59.85,525
Schlum. VES,60,405,225,240,3921.36,0.84,10.94,44.33,15.317,24.297,4.697606452,12.34453171,172.5,7.5,65.55,570
Schlum. VES,60,435,240,255,4531.6,0.23,9.4,197.48,14.987,24.313,4.697606452,12.34453171,187.5,7.5,71.25,615
Schlum. VES,60,465,255,270,5395.58,4.0,9.07,-221.2,15.145,24.073,4.697606452,12.34453171,202.5,7.5,76.95,660
Schlum. VES,60,495,270,285,4289.81,1.21,7.85,34.07,15.03,34.673,4.697606452,12.34453171,217.5,7.5,82.65,705
Schlum. VES,60,525,285,300,5559.98,4.95,10.83,-22.18,14.916,30.34,4.697606452,12.34453171,232.5,7.5,88.35,750
Schlum. VES,60,555,300,315,5750.86,4.84,11.23,-62.18,15.13,33.723,4.697606452,12.34453171,247.5,7.5,94.05,795
Schlum. VES,75,120,90,105,2281.66,1.89,6.5,43.43,12.824,0.53,4.697488518,12.34454026,22.5,7.5,8.55,135
Schlum. VES,75,150,105,120,2081.21,9.48,8.39,27.98,14.02,1.905,4.697488518,12.34454026,37.5,7.5,14.25,180
Schlum. VES,75,180,120,135,1987.97,4.44,13.35,-13.17,14.844,4.222,4.697488518,12.34454026,52.5,7.5,19.95,225
Schlum. VES,75,210,135,150,2198.34,3.65,12.04,17.78,14.93,6.401,4.697488518,12.34454026,67.5,7.5,25.65,270
Schlum. VES,75,240,150,165,2363.13,4.79,13.48,-52.45,15.224,9.107,4.697488518,12.34454026,82.5,7.5,31.35,315
Schlum. VES,75,270,165,180,2783.97,5.84,13.32,-25.71,15.224,10.823,4.697488518,12.34454026,97.5,7.5,37.05,360
Schlum. VES,75,300,180,195,2881.79,0.89,9.55,59.98,15.145,13.869,4.697488518,12.34454026,112.5,7.5,42.75,405
Schlum. VES,75,330,195,210,2779.85,4.99,13.09,-61.36,15.293,18.666,4.697488518,12.34454026,127.5,7.5,48.45,450
Schlum. VES,75,360,210,225,3485.49,1.52,8.43,62.2,15.13,18.411,4.697488518,12.34454026,142.5,7.5,54.15,495
Schlum. VES,75,390,225,240,3584.37,2.14,10.0,32.44,15.388,22.254,4.697488518,12.34454026,157.5,7.5,59.85,540
Schlum. VES,75,420,240,255,4128.78,1.02,9.73,134.21,15.288,23.033,4.697488518,12.34454026,172.5,7.5,65.55,585
Schlum. VES,75,450,255,270,5029.45,4.27,10.4,-44.27,15.302,22.367,4.697488518,12.34454026,187.5,7.5,71.25,630
Schlum. VES,75,480,270,285,4018.45,2.28,10.06,-76.41,15.532,33.149,4.697488518,12.34454026,202.5,7.5,76.95,675
Schlum. VES,75,510,285,300,5278.18,3.95,9.88,-46.12,15.345,28.771,4.697488518,12.34454026,217.5,7.5,82.65,720
Schlum. VES,75,540,300,315,5454.62,5.04,10.64,-23.32,15.338,31.803,4.697488518,12.34454026,232.5,7.5,88.35,765
Schlum. VES,75,570,315,330,5628.64,1.22,7.87,126.3,15.259,34.749,4.697488518,12.34454026,247.5,7.5,94.05,810
Schlum. VES,90,135,105,120,2530.97,2.61,8.9,36.74,13.769,0.513,4.708233364,12.34376485,22.5,7.5,8.55,150
Schlum. VES,90,165,120,135,2102.33,2.37,11.07,-33.67,13.984,1.881,4.708233364,12.34376485,37.5,7.5,14.25,195
Schlum. VES,90,195,135,150,2139.67,4.97,14.16,-20.27,14.653,3.873,4.708233364,12.34376485,52.5,7.5,19.95,240
Schlum. VES,90,225,150,165,2253.07,4.97,14.73,-30.88,15.116,6.323,4.708233364,12.34376485,67.5,7.5,25.65,285
Schlum. VES,90,255,165,180,2604.49,3.02,12.44,0.76,15.045,8.166,4.708233364,12.34376485,82.5,7.5,31.35,330
Schlum. VES,90,285,180,195,2629.09,1.02,10.02,158.51,15.045,11.326,4.708233364,12.34376485,97.5,7.5,37.05,375
Schlum. VES,90,315,195,210,2544.15,4.67,12.9,-139.34,15.236,15.803,4.708233364,12.34376485,112.5,7.5,42.75,420
Schlum. VES,90,345,210,225,3131.74,3.44,8.74,30.16,15.116,16.377,4.708233364,12.34376485,127.5,7.5,48.45,465
Schlum. VES,90,375,225,240,3272.13,0.54,10.45,52.81,15.102,19.574,4.708233364,12.34376485,142.5,7.5,54.15,510
Schlum. VES,90,405,240,255,3769.54,1.54,9.64,93.78,15.102,20.767,4.708233364,12.34376485,157.5,7.5,59.85,555
Schlum. VES,90,435,255,270,4682.19,4.78,10.58,-72.57,15.345,20.387,4.708233364,12.34376485,172.5,7.5,65.55,600
Schlum. VES,90,465,270,285,3771.88,2.73,10.15,-32.5,15.403,30.02,4.708233364,12.34376485,187.5,7.5,71.25,645
Schlum. VES,90,495,285,300,4957.44,4.74,10.79,-35.75,15.274,26.424,4.708233364,12.34376485,202.5,7.5,76.95,690
Schlum. VES,90,525,300,315,5209.7,0.76,8.35,105.13,15.216,28.904,4.708233364,12.34376485,217.5,7.5,82.65,735
Schlum. VES,90,555,315,330,5412.82,4.39,11.14,-59.31,15.369,32.113,4.708233364,12.34376485,232.5,7.5,88.35,780
Schlum. VES,90,585,330,345,5189.26,1.8,7.53,20.83,15.403,38.045,4.708233364,12.34376485,247.5,7.5,94.05,825
Schlum. VES,105,150,120,135,2059.17,4.16,10.96,-28.52,12.781,0.585,4.697386092,12.34454764,22.5,7.5,8.55,165
Schlum. VES,105,180,135,150,2141.29,12.68,14.68,0.81,13.612,1.797,4.697386092,12.34454764,37.5,7.5,14.25,210
Schlum. VES,105,210,150,165,2183.28,5.73,14.39,-25.75,14.665,3.798,4.697386092,12.34454764,52.5,7.5,19.95,255
Schlum. VES,105,240,165,180,2424.79,1.04,10.74,49.73,14.959,5.814,4.697386092,12.34454764,67.5,7.5,25.65,300
Schlum. VES,105,270,180,195,2345.33,2.98,10.36,26.61,15.13,9.12,4.697386092,12.34454764,82.5,7.5,31.35,345
Schlum. VES,105,300,195,210,2284.68,4.0,10.4,34.56,14.973,12.971,4.697386092,12.34454764,97.5,7.5,37.05,390
Schlum. VES,105,330,210,225,2860.75,4.46,13.03,-47.18,15.259,14.076,4.697386092,12.34454764,112.5,7.5,42.75,435
Schlum. VES,105,360,225,240,2944.07,2.39,10.17,17.97,15.145,17.454,4.697386092,12.34454764,127.5,7.5,48.45,480
Schlum. VES,105,390,240,255,3410.19,0.9,9.25,102.76,15.073,18.746,4.697386092,12.34454764,142.5,7.5,54.15,525
Schlum. VES,105,420,255,270,4234.15,4.3,10.88,-101.82,15.173,18.576,4.697386092,12.34454764,157.5,7.5,59.85,570
Schlum. VES,105,450,270,285,3479.51,0.94,9.12,-0.87,15.317,27.382,4.697386092,12.34454764,172.5,7.5,65.55,615
Schlum. VES,105,480,285,300,4591.02,4.25,10.21,-54.88,15.46,24.755,4.697386092,12.34454764,187.5,7.5,71.25,660
Schlum. VES,105,510,300,315,4908.1,1.09,8.49,52.77,15.259,26.665,4.697386092,12.34454764,202.5,7.5,76.95,705
Schlum. VES,105,540,315,330,5115.73,4.59,10.4,-34.05,15.317,29.629,4.697386092,12.34454764,217.5,7.5,82.65,750
Schlum. VES,105,570,330,345,4932.62,1.29,7.37,54.68,15.202,34.856,4.697386092,12.34454764,232.5,7.5,88.35,795
Schlum. VES,105,600,345,360,4067.0,3.51,9.42,-24.2,15.331,48.318,4.697386092,12.34454764,247.5,7.5,94.05,840
Schlum. VES,120,165,135,150,2292.38,4.99,12.58,-22.58,13.125,0.54,4.697285928,12.34455485,22.5,7.5,8.55,180
Schlum. VES,120,225,165,180,2343.85,5.65,14.4,-29.33,14.758,3.561,4.697285928,12.34455485,52.5,7.5,19.95,270
Schlum. VES,120,255,180,195,2217.59,0.34,10.85,120.33,15.045,6.394,4.697285928,12.34455485,67.5,7.5,25.65,315
Schlum. VES,120,285,195,210,2072.33,4.66,13.68,-86.58,15.35,10.472,4.697285928,12.34455485,82.5,7.5,31.35,360
Schlum. VES,120,315,210,225,2574.61,0.31,9.82,121.39,15.073,11.587,4.697285928,12.34455485,97.5,7.5,37.05,405
Schlum. VES,120,345,225,240,2631.48,3.38,13.11,-55.13,15.302,15.346,4.697285928,12.34455485,112.5,7.5,42.75,450
Schlum. VES,120,375,240,255,3079.26,2.41,9.26,66.14,15.231,16.782,4.697285928,12.34455485,127.5,7.5,48.45,495
Schlum. VES,120,405,255,270,3832.89,4.11,10.98,-77.55,15.188,16.806,4.697285928,12.34455485,142.5,7.5,54.15,540
Schlum. VES,120,435,270,285,3206.21,0.67,9.14,149.34,15.188,24.555,4.697285928,12.34455485,157.5,7.5,59.85,585
Schlum. VES,120,465,285,300,4266.44,3.51,9.81,-182.67,15.546,22.666,4.697285928,12.34455485,172.5,7.5,65.55,630
Schlum. VES,120,495,300,315,4594.0,1.12,9.42,-0.53,15.374,24.602,4.697285928,12.34455485,187.5,7.5,71.25,675
Schlum. VES,120,525,315,330,4867.67,1.96,9.76,-6.28,15.345,27.038,4.697285928,12.34455485,202.5,7.5,76.95,720
Schlum. VES,120,555,330,345,4682.86,2.14,8.07,43.9,15.231,32.186,4.697285928,12.34455485,217.5,7.5,82.65,765
Schlum. VES,120,585,345,360,3898.1,1.58,8.46,-6.99,15.102,43.816,4.697285928,12.34455485,232.5,7.5,88.35,810
Schlum. VES,120,615,360,375,4784.72,4.62,10.19,-21.93,15.302,40.993,4.697285928,12.34455485,247.5,7.5,94.05,855
Schlum. VES,135,180,150,165,2284.99,1.95,8.71,2.65,12.752,0.526,4.697190877,12.34456172,22.5,7.5,8.55,195
Schlum. VES,135,210,165,180,2410.5,1.41,13.69,-14.26,13.884,1.629,4.697190877,12.34456172,37.5,7.5,14.25,240
Schlum. VES,135,240,180,195,2169.15,0.84,10.66,75.01,14.787,3.855,4.697190877,12.34456172,52.5,7.5,19.95,285
Schlum. VES,135,270,195,210,1870.61,3.99,13.91,-70.37,15.302,7.71,4.697190877,12.34456172,67.5,7.5,25.65,330
Schlum. VES,135,300,210,225,2346.39,1.33,9.21,75.09,15.087,9.09,4.697190877,12.34456172,82.5,7.5,31.35,375
Schlum. VES,135,330,225,240,2378.6,3.21,12.78,-10.93,15.245,12.685,4.697190877,12.34456172,97.5,7.5,37.05,420
Schlum. VES,135,360,240,255,2759.59,0.67,10.01,84.23,15.145,14.483,4.697190877,12.34456172,112.5,7.5,42.75,465
Schlum. VES,135,390,255,270,3447.33,3.78,10.81,-99.98,15.231,14.99,4.697190877,12.34456172,127.5,7.5,48.45,510
Schlum. VES,135,420,270,285,2882.98,0.17,8.73,84.44,15.331,22.554,4.697190877,12.34456172,142.5,7.5,54.15,555
Schlum. VES,135,450,285,300,3907.97,4.65,11.09,-132.13,15.446,20.488,4.697190877,12.34456172,157.5,7.5,59.85,600
Schlum. VES,135,480,300,315,4216.83,1.34,8.66,21.52,15.331,22.615,4.697190877,12.34456172,172.5,7.5,65.55,645
Schlum. VES,135,510,315,330,4579.69,4.83,9.75,-23.16,15.431,24.77,4.697190877,12.34456172,187.5,7.5,71.25,690
Schlum. VES,135,540,330,345,4408.81,1.17,7.49,68.89,15.216,29.601,4.697190877,12.34456172,202.5,7.5,76.95,735
Schlum. VES,135,570,345,360,3709.71,3.67,9.84,-25.43,15.302,40.821,4.697190877,12.34456172,217.5,7.5,82.65,780
Schlum. VES,135,600,360,375,4581.54,1.66,9.36,-3.63,15.259,37.669,4.697190877,12.34456172,232.5,7.5,88.35,825
Schlum. VES,135,630,375,390,5191.55,4.7,10.46,-13.22,15.36,37.922,4.697190877,12.34456172,247.5,7.5,94.05,870
Schlum. VES,150,195,165,180,2403.2,4.9,11.8,-8.34,14.013,0.55,4.697089288,12.3445691,22.5,7.5,8.55,210
Schlum. VES,150,225,180,195,2207.64,11.75,7.99,46.02,13.891,1.779,4.697089288,12.3445691,37.5,7.5,14.25,255
Schlum. VES,150,255,195,210,1851.96,6.37,12.89,-42.21,14.901,4.55,4.697089288,12.3445691,52.5,7.5,19.95,300
Schlum. VES,150,285,210,225,2162.8,0.08,10.45,120.04,15.03,6.55,4.697089288,12.3445691,67.5,7.5,25.65,345
Schlum. VES,150,315,225,240,2186.88,3.53,13.51,-37.11,15.231,9.846,4.697089288,12.3445691,82.5,7.5,31.35,390
Schlum. VES,150,345,240,255,2459.67,1.11,10.55,183.92,15.145,12.186,4.697089288,12.3445691,97.5,7.5,37.05,435
Schlum. VES,150,375,255,270,3111.0,2.81,10.68,-186.68,15.245,12.932,4.697089288,12.3445691,112.5,7.5,42.75,480
Schlum. VES,150,405,270,285,2605.21,1.62,8.66,20.85,15.188,19.78,4.697089288,12.3445691,127.5,7.5,48.45,525
Schlum. VES,150,435,285,300,3603.84,4.38,10.55,-65.56,15.369,18.087,4.697089288,12.3445691,142.5,7.5,54.15,570
Schlum. VES,150,465,300,315,3940.33,4.65,11.98,-15.03,15.579,20.495,4.697089288,12.3445691,157.5,7.5,59.85,615
Schlum. VES,150,495,315,330,4256.96,2.22,9.43,1.23,15.388,22.486,4.697089288,12.3445691,172.5,7.5,65.55,660
Schlum. VES,150,525,330,345,4189.62,1.93,7.73,44.92,15.302,26.85,4.697089288,12.3445691,187.5,7.5,71.25,705
Schlum. VES,150,555,345,360,3517.59,1.62,8.68,-2.88,15.231,37.135,4.697089288,12.3445691,202.5,7.5,76.95,750
Schlum. VES,150,585,360,375,4414.8,4.57,9.49,-26.56,15.302,34.301,4.697089288,12.3445691,217.5,7.5,82.65,795
Schlum. VES,150,615,375,390,4968.7,2.89,7.73,7.68,15.073,34.31,4.697089288,12.3445691,232.5,7.5,88.35,840
Schlum. VES,150,645,390,405,4727.44,0.83,7.99,124.15,15.216,41.257,4.697089288,12.3445691,247.5,7.5,94.05,885
Schlum. VES,165,210,180,195,2582.48,3.16,8.25,54.49,12.637,0.461,4.69699407,12.34457589,22.5,7.5,8.55,225
Schlum. VES,165,240,195,210,1915.13,0.3,12.06,-51.31,14.156,2.09,4.69699407,12.34457589,37.5,7.5,14.25,270
Schlum. VES,165,270,210,225,2000.92,1.39,10.41,68.82,14.772,4.175,4.69699407,12.34457589,52.5,7.5,19.95,315
Schlum. VES,165,300,225,240,2010.19,1.58,13.61,-9.06,15.159,7.107,4.69699407,12.34457589,67.5,7.5,25.65,360
Schlum. VES,165,330,240,255,2236.62,0.46,10.88,129.53,15.016,9.491,4.69699407,12.34457589,82.5,7.5,31.35,405
Schlum. VES,165,360,255,270,2782.27,3.2,11.52,-145.29,15.159,10.784,4.69699407,12.34457589,97.5,7.5,37.05,450
Schlum. VES,165,390,270,285,2333.86,0.0,8.67,35.88,15.317,17.319,4.69699407,12.34457589,112.5,7.5,42.75,495
Schlum. VES,165,420,285,300,3232.74,3.82,10.99,-88.23,15.259,16.016,4.69699407,12.34457589,127.5,7.5,48.45,540
Schlum. VES,165,450,300,315,3593.44,1.26,8.83,16.84,15.259,18.01,4.69699407,12.34457589,142.5,7.5,54.15,585
Schlum. VES,165,480,315,330,3920.18,4.77,11.26,-26.87,15.396,20.357,4.69699407,12.34457589,157.5,7.5,59.85,630
Schlum. VES,165,510,330,345,3915.66,1.09,9.53,75.44,15.259,24.241,4.69699407,12.34457589,172.5,7.5,65.55,675
Schlum. VES,165,540,345,360,3315.42,3.36,10.17,-27.8,15.302,33.93,4.69699407,12.34457589,187.5,7.5,71.25,720
Schlum. VES,165,570,360,375,4190.11,1.64,8.7,-1.92,15.259,31.234,4.69699407,12.34457589,202.5,7.5,76.95,765
Schlum. VES,165,600,375,390,4806.07,4.48,11.35,-12.07,15.331,31.568,4.69699407,12.34457589,217.5,7.5,82.65,810
Schlum. VES,165,630,390,405,4517.2,0.56,8.32,126.29,15.216,38.097,4.69699407,12.34457589,232.5,7.5,88.35,855
Schlum. VES,165,660,405,420,4965.26,3.6,11.52,-69.98,15.331,39.577,4.69699407,12.34457589,247.5,7.5,94.05,900
Schlum. VES,180,225,195,210,2198.93,6.4,11.58,-43.01,12.68,0.543,4.696899522,12.34458276,22.5,7.5,8.55,240
Schlum. VES,180,255,210,225,2154.39,8.46,13.5,79.63,13.97,1.833,4.696899522,12.34458276,37.5,7.5,14.25,285
Schlum. VES,180,285,225,240,1905.44,0.83,12.61,-4.27,14.801,4.393,4.696899522,12.34458276,52.5,7.5,19.95,330
Schlum. VES,180,315,240,255,2083.43,3.02,10.94,149.66,14.93,6.754,4.696899522,12.34458276,67.5,7.5,25.65,375
Schlum. VES,180,345,255,270,2466.16,3.1,11.91,-154.51,15.145,8.682,4.696899522,12.34458276,82.5,7.5,31.35,420
Schlum. VES,180,375,270,285,2098.26,0.91,9.75,-5.14,15.173,14.313,4.696899522,12.34458276,97.5,7.5,37.05,465
Schlum. VES,180,405,285,300,2901.78,4.69,10.87,-39.82,15.102,13.734,4.696899522,12.34458276,112.5,7.5,42.75,510
Schlum. VES,180,435,300,315,3310.33,4.66,11.48,-24.2,15.322,15.704,4.696899522,12.34458276,127.5,7.5,48.45,555
Schlum. VES,180,465,315,330,3605.41,1.25,7.89,2.81,15.388,18.102,4.696899522,12.34458276,142.5,7.5,54.15,600
Schlum. VES,180,495,330,345,3644.47,2.14,7.63,41.21,15.274,21.724,4.696899522,12.34458276,157.5,7.5,59.85,645
Schlum. VES,180,525,345,360,3132.62,0.49,7.94,0.64,15.145,30.073,4.696899522,12.34458276,172.5,7.5,65.55,690
Schlum. VES,180,555,360,375,3992.03,4.49,10.34,-29.55,15.283,28.144,4.696899522,12.34458276,187.5,7.5,71.25,735
Schlum. VES,180,585,375,390,4596.36,1.59,8.55,16.03,15.302,28.553,4.696899522,12.34458276,202.5,7.5,76.95,780
Schlum. VES,180,615,390,405,4349.27,0.13,8.72,234.97,15.002,34.133,4.696899522,12.34458276,217.5,7.5,82.65,825
Schlum. VES,180,645,405,420,4753.77,3.34,11.33,-184.73,15.36,36.542,4.696899522,12.34458276,232.5,7.5,88.35,870
Schlum. VES,180,675,420,435,4343.06,0.74,9.12,108.51,15.03,44.359,4.696899522,12.34458276,247.5,7.5,94.05,915
Schlum. VES,195,240,210,225,2460.17,3.07,8.73,56.3,14.228,0.545,4.696793407,12.34459039,22.5,7.5,8.55,255
Schlum. VES,195,270,225,240,1782.75,10.93,8.01,5.25,13.655,2.166,4.696793407,12.34459039,37.5,7.5,14.25,300
Schlum. VES,195,300,240,255,1932.17,0.32,11.01,104.42,14.658,4.29,4.696793407,12.34459039,52.5,7.5,19.95,345
Schlum. VES,195,330,255,270,2242.97,6.15,11.44,-34.45,14.851,6.24,4.696793407,12.34459039,67.5,7.5,25.65,390
Schlum. VES,195,360,270,285,1859.64,2.38,10.69,-52.56,15.13,11.502,4.696793407,12.34459039,82.5,7.5,31.35,435
Schlum. VES,195,390,285,300,2575.94,3.74,10.91,-72.79,15.202,11.68,4.696793407,12.34459039,97.5,7.5,37.05,480
Schlum. VES,195,420,300,315,2915.43,1.06,7.9,9.99,15.03,13.605,4.696793407,12.34459039,112.5,7.5,42.75,525
Schlum. VES,195,450,315,330,3276.44,1.24,7.83,119.74,14.987,15.52,4.696793407,12.34459039,127.5,7.5,48.45,570
Schlum. VES,195,480,330,345,3331.67,2.87,10.64,-50.29,15.216,19.37,4.696793407,12.34459039,142.5,7.5,54.15,615
Schlum. VES,195,510,345,360,2921.06,3.23,9.61,-36.84,15.345,27.232,4.696793407,12.34459039,157.5,7.5,59.85,660
Schlum. VES,195,540,360,375,3704.45,1.39,7.4,4.51,14.973,25.142,4.696793407,12.34459039,172.5,7.5,65.55,705
Schlum. VES,195,570,375,390,4362.79,4.82,10.67,-13.36,15.073,25.398,4.696793407,12.34459039,187.5,7.5,71.25,750
Schlum. VES,195,600,390,405,4160.69,0.52,7.85,179.52,15.145,31.218,4.696793407,12.34459039,202.5,7.5,76.95,795
Schlum. VES,195,630,405,420,4518.67,3.37,10.99,-125.89,15.388,33.701,4.696793407,12.34459039,217.5,7.5,82.65,840
Schlum. VES,195,660,420,435,4140.81,1.04,8.55,37.17,15.159,41.404,4.696793407,12.34459039,232.5,7.5,88.35,885
Schlum. VES,195,690,435,450,6292.87,5.11,11.14,-96.21,15.474,31.519,4.696793407,12.34459039,247.5,7.5,94.05,930
Schlum. VES,210,255,225,240,2140.11,1.31,9.99,19.47,12.723,0.56,4.696687963,12.34459802,22.5,7.5,8.55,270
Schlum. VES,210,315,255,270,2033.7,4.4,11.27,-62.76,14.433,4.013,4.696687963,12.34459802,52.5,7.5,19.95,360
Schlum. VES,210,345,270,285,1588.35,2.0,9.25,63.33,14.973,8.884,4.696687963,12.34459802,67.5,7.5,25.65,405
Schlum. VES,210,375,285,300,2249.99,3.83,11.06,-119.02,15.073,9.471,4.696687963,12.34459802,82.5,7.5,31.35,450
Schlum. VES,210,405,300,315,2550.84,1.78,9.21,105.24,15.016,11.651,4.696687963,12.34459802,97.5,7.5,37.05,495
Schlum. VES,210,435,315,330,2951.76,4.37,11.75,-62.59,15.202,13.591,4.696687963,12.34459802,112.5,7.5,42.75,540
Schlum. VES,210,465,330,345,3007.23,3.16,10.6,-7.09,15.431,17.41,4.696687963,12.34459802,127.5,7.5,48.45,585
Schlum. VES,210,495,345,360,2642.03,0.22,6.99,6.45,15.159,24.334,4.696687963,12.34459802,142.5,7.5,54.15,630
Schlum. VES,210,525,360,375,3485.25,4.5,10.17,-35.04,15.226,22.646,4.696687963,12.34459802,157.5,7.5,59.85,675
Schlum. VES,210,555,375,390,4049.39,1.56,8.02,21.92,15.345,23.572,4.696687963,12.34459802,172.5,7.5,65.55,720
Schlum. VES,210,585,390,405,3941.92,1.18,8.29,122.42,15.231,28.404,4.696687963,12.34459802,187.5,7.5,71.25,765
Schlum. VES,210,615,405,420,4289.39,4.24,11.26,-83.36,15.145,30.282,4.696687963,12.34459802,202.5,7.5,76.95,810
Schlum. VES,210,645,420,435,3914.76,0.57,10.1,-1.89,15.216,38.465,4.696687963,12.34459802,217.5,7.5,82.65,855
Schlum. VES,210,675,435,450,5979.92,5.62,11.34,-44.64,15.281,28.901,4.696687963,12.34459802,232.5,7.5,88.35,900
Schlum. VES,210,705,450,465,5579.97,2.1,7.46,44.95,15.317,35.184,4.696687963,12.34459802,247.5,7.5,94.05,945
Schlum. VES,225,270,240,255,1868.52,2.72,9.71,71.93,12.709,0.641,4.69656894,12.34460665,22.5,7.5,8.55,285
Schlum. VES,225,300,255,270,1964.77,0.74,10.77,-81.77,13.626,1.961,4.69656894,12.34460665,37.5,7.5,14.25,330
Schlum. VES,225,330,270,285,1454.82,0.23,9.48,19.96,14.758,5.736,4.69656894,12.34460665,52.5,7.5,19.95,375
Schlum. VES,225,360,285,300,1977.57,2.19,11.33,-83.0,15.016,7.156,4.69656894,12.34460665,67.5,7.5,25.65,420
Schlum. VES,225,390,300,315,2244.43,0.68,8.63,40.61,15.002,9.449,4.69656894,12.34460665,82.5,7.5,31.35,465
Schlum. VES,225,420,315,330,2590.8,4.64,11.5,-54.26,15.202,11.613,4.69656894,12.34460665,97.5,7.5,37.05,510
Schlum. VES,225,450,330,345,2685.1,0.23,7.86,63.49,15.016,14.758,4.69656894,12.34460665,112.5,7.5,42.75,555
Schlum. VES,225,480,345,360,2386.77,2.7,10.12,-33.87,15.173,21.57,4.69656894,12.34460665,127.5,7.5,48.45,600
Schlum. VES,225,510,360,375,3183.52,1.33,7.4,1.82,15.03,20.024,4.69656894,12.34460665,142.5,7.5,54.15,645
Schlum. VES,225,540,375,390,3771.25,4.69,10.97,-11.42,15.188,20.876,4.69656894,12.34460665,157.5,7.5,59.85,690
Schlum. VES,225,570,390,405,3690.27,0.71,8.35,133.39,15.016,25.311,4.69656894,12.34460665,172.5,7.5,65.55,735
Schlum. VES,225,600,405,420,4074.45,3.52,10.97,-85.93,15.36,27.713,4.69656894,12.34460665,187.5,7.5,71.25,780
Schlum. VES,225,630,420,435,3711.93,1.43,9.66,-0.06,15.259,35.257,4.69656894,12.34460665,202.5,7.5,76.95,825
Schlum. VES,225,660,435,450,5663.87,5.36,11.12,-59.84,15.474,27.037,4.69656894,12.34460665,217.5,7.5,82.65,870
Schlum. VES,225,690,450,465,5283.71,1.25,8.67,62.06,15.216,32.571,4.69656894,12.34460665,232.5,7.5,88.35,915
Schlum. VES,225,720,465,480,6210.3,4.31,10.8,-19.69,15.403,31.79,4.69656894,12.34460665,247.5,7.5,94.05,960
Schlum. VES,240,285,255,270,2096.83,4.4,11.88,-74.15,12.628,0.568,4.696470285,12.34461369,22.5,7.5,8.55,300
Schlum. VES,240,315,270,285,1357.94,6.71,11.92,37.87,14.285,2.974,4.696470285,12.34461369,37.5,7.5,14.25,345
Schlum. VES,240,345,285,300,1719.14,4.35,11.77,-78.2,14.916,4.906,4.696470285,12.34461369,52.5,7.5,19.95,390
Schlum. VES,240,375,300,315,1969.76,4.85,9.83,115.17,14.923,7.14,4.696470285,12.34461369,67.5,7.5,25.65,435
Schlum. VES,240,405,315,330,2264.21,4.58,12.28,-103.23,15.274,9.537,4.696470285,12.34461369,82.5,7.5,31.35,480
Schlum. VES,240,435,330,345,2396.75,3.26,7.44,17.85,15.116,12.483,4.696470285,12.34461369,97.5,7.5,37.05,525
Schlum. VES,240,465,345,360,2134.82,0.11,7.18,7.92,15.216,18.81,4.696470285,12.34461369,112.5,7.5,42.75,570
Schlum. VES,240,495,360,375,2881.92,4.21,10.5,-38.95,15.169,17.858,4.696470285,12.34461369,127.5,7.5,48.45,615
Schlum. VES,240,525,375,390,3472.85,0.89,8.88,25.66,15.087,18.425,4.696470285,12.34461369,142.5,7.5,54.15,660
Schlum. VES,240,555,390,405,3420.45,1.4,8.34,95.25,15.374,23.299,4.696470285,12.34461369,157.5,7.5,59.85,705
Schlum. VES,240,585,405,420,3836.31,4.3,10.88,-60.05,15.317,24.835,4.696470285,12.34461369,172.5,7.5,65.55,750
Schlum. VES,240,615,420,435,3511.46,4.35,11.44,-20.48,15.302,32.036,4.696470285,12.34461369,187.5,7.5,71.25,795
Schlum. VES,240,645,435,450,5323.07,5.91,11.14,-22.74,15.417,24.84,4.696470285,12.34461369,202.5,7.5,76.95,840
Schlum. VES,240,675,450,465,5007.92,2.37,7.58,39.2,15.245,30.125,4.696470285,12.34461369,217.5,7.5,82.65,885
Schlum. VES,240,705,465,480,5815.51,1.39,9.95,-6.48,15.245,29.648,4.696470285,12.34461369,232.5,7.5,88.35,930
Schlum. VES,240,735,480,495,5029.66,0.28,8.77,142.06,15.188,38.705,4.696470285,12.34461369,247.5,7.5,94.05,975
Schlum. VES,255,300,270,285,1333.25,1.38,8.67,10.6,13.311,0.941,4.708136721,12.34377181,22.5,7.5,8.55,315
Schlum. VES,255,330,285,300,1614.82,4.42,8.37,-56.46,14.022,2.455,4.708136721,12.34377181,37.5,7.5,14.25,360
Schlum. VES,255,360,300,315,1744.09,0.71,10.0,31.02,14.815,4.804,4.708136721,12.34377181,52.5,7.5,19.95,405
Schlum. VES,255,390,315,330,1982.21,6.46,9.64,67.51,14.923,7.095,4.708136721,12.34377181,67.5,7.5,25.65,450
Schlum. VES,255,420,330,345,2107.93,2.67,10.35,-34.29,15.216,10.205,4.708136721,12.34377181,82.5,7.5,31.35,495
Schlum. VES,255,450,345,360,1911.19,2.61,9.9,-32.91,15.202,15.743,4.708136721,12.34377181,97.5,7.5,37.05,540
Schlum. VES,255,480,360,375,2549.25,1.46,7.9,0.47,15.03,15.559,4.708136721,12.34377181,112.5,7.5,42.75,585
Schlum. VES,255,510,375,390,3151.92,0.6,8.34,149.83,15.045,16.195,4.708136721,12.34377181,127.5,7.5,48.45,630
Schlum. VES,255,540,390,405,3141.54,0.22,11.66,-29.03,15.202,20.523,4.708136721,12.34377181,142.5,7.5,54.15,675
Schlum. VES,255,570,405,420,3555.38,3.12,11.42,-80.68,15.202,22.164,4.708136721,12.34377181,157.5,7.5,59.85,720
Schlum. VES,255,600,420,435,3300.95,1.81,9.92,-4.31,15.274,28.782,4.708136721,12.34377181,172.5,7.5,65.55,765
Schlum. VES,255,630,435,450,4988.98,5.21,10.99,-57.29,15.446,22.759,4.708136721,12.34377181,187.5,7.5,71.25,810
Schlum. VES,255,660,450,465,4710.22,1.44,7.99,66.7,15.202,27.681,4.708136721,12.34377181,202.5,7.5,76.95,855
Schlum. VES,255,690,465,480,5486.61,4.41,11.73,-23.3,15.345,27.678,4.708136721,12.34377181,217.5,7.5,82.65,900
Schlum. VES,255,720,480,495,4750.28,1.06,8.27,92.16,15.159,36.092,4.708136721,12.34377181,232.5,7.5,88.35,945
Schlum. VES,255,750,495,510,5643.36,3.6,11.05,-76.57,16.707,37.945,4.708136721,12.34377181,247.5,7.5,94.05,990
Schlum. VES,270,315,285,300,1729.32,4.83,11.86,-42.24,12.408,0.676,4.696344556,12.34462283,22.5,7.5,8.55,330
Schlum. VES,270,375,315,330,1820.49,4.77,11.89,-32.23,14.739,4.578,4.696344556,12.34462283,52.5,7.5,19.95,420
Schlum. VES,270,405,330,345,1894.77,1.17,8.26,110.58,15.059,7.49,4.696344556,12.34462283,67.5,7.5,25.65,465
Schlum. VES,270,435,345,360,1749.9,2.66,9.36,-86.41,15.13,12.224,4.696344556,12.34462283,82.5,7.5,31.35,510
Schlum. VES,270,465,360,375,2311.6,2.81,7.92,131.2,14.987,12.832,4.696344556,12.34462283,97.5,7.5,37.05,555
Schlum. VES,270,495,375,390,2854.48,2.91,10.56,-55.25,15.159,14.014,4.696344556,12.34462283,112.5,7.5,42.75,600
Schlum. VES,270,525,390,405,2897.93,2.21,7.93,6.2,15.102,17.681,4.696344556,12.34462283,127.5,7.5,48.45,645
Schlum. VES,270,555,405,420,3290.25,4.58,10.8,-42.98,15.188,19.577,4.696344556,12.34462283,142.5,7.5,54.15,690
Schlum. VES,270,585,420,435,3124.8,4.95,11.91,-32.81,15.517,25.741,4.696344556,12.34462283,157.5,7.5,59.85,735
Schlum. VES,270,615,435,450,4718.61,4.25,11.88,-11.67,15.188,20.021,4.696344556,12.34462283,172.5,7.5,65.55,780
Schlum. VES,270,645,450,465,4435.54,2.13,8.41,24.72,15.374,25.48,4.696344556,12.34462283,187.5,7.5,71.25,825
Schlum. VES,270,675,465,480,5181.53,0.73,8.36,3.88,15.302,25.329,4.696344556,12.34462283,202.5,7.5,76.95,870
Schlum. VES,270,705,480,495,4475.26,1.31,7.45,14.49,15.288,33.806,4.696344556,12.34462283,217.5,7.5,82.65,915
Schlum. VES,270,735,495,510,5440.45,3.11,9.88,-11.23,15.388,31.99,4.696344556,12.34462283,232.5,7.5,88.35,960
Schlum. VES,270,765,510,525,5857.94,0.95,8.72,89.12,15.231,33.326,4.696344556,12.34462283,247.5,7.5,94.05,1005
Schlum. VES,285,330,300,315,1460.02,2.53,7.73,17.22,12.494,0.807,4.696122101,12.34463884,22.5,7.5,8.55,345
